frame_id,year,method,gt_e,gt_n,gt_yaw,crop_rot_deg,centre_guess_m,rho_deg,yaw_r_deg,scale,n_valid_tokens,heading,depth,ok,pred_e,pred_n,pred_yaw,err_m,err_deg,error
2095057974553082,2025,loc2,360026.3821716677,504344.61452205386,81.42574118763453,2.725570345245515,6.078716834144202,0.0,4.505112171173096,1.032012939453125,2448,prior,flat,True,360025.1857680255,504342.9273799042,79.64619952746627,2.0682916400253144,1.7795416601682632,
2095057974553082,2024,loc2,360026.3821716677,504344.61452205386,81.42574118763453,2.725570345245515,6.078716834144202,0.0,9.744953155517578,1.095220923423767,2448,prior,flat,True,360026.4590038391,504340.725381369,74.40635837955499,3.8898995422975955,7.019382808079541,
2134127433808624,2025,loc2,360032.84761322686,504307.9422390545,69.43286538919972,2.7334306631946674,11.661891745019847,0.0,3.6016976833343506,1.3006930351257324,2448,prior,flat,True,360029.9471743242,504307.3203324207,68.56459795727669,2.966363714928154,0.8682674319230159,
2134127433808624,2024,loc2,360032.84761322686,504307.9422390545,69.43286538919972,2.7334306631946674,11.661891745019847,0.0,5.051840305328369,1.2823203802108765,2448,prior,flat,True,360030.40040838293,504307.2586528189,67.11445540243966,2.5408860048339807,2.3184099867600594,
28398706986416513,2025,loc2,360060.1043976202,504303.69896460697,354.88874202101726,-0.9760247201908214,15.006479104534213,0.0,-9.75322437286377,1.3777045011520386,2448,prior,flat,True,360058.5262908546,504301.5336064712,3.6659420270336796,2.6794023250896455,8.777200006016415,
28398706986416513,2024,loc2,360060.1043976202,504303.69896460697,354.88874202101726,-0.9760247201908214,15.006479104534213,0.0,-4.3295207023620605,1.39545476436615,2448,prior,flat,True,360057.1388093164,504301.52540022286,358.24223808246614,3.676832348577219,3.3534960614488796,
1100804636233191,2025,loc2,360094.6966482403,504308.69749890827,349.42166902017294,-2.161816277693731,21.24791738217679,0.0,-1.3455499410629272,1.3302372694015503,2448,prior,flat,True,360070.453231648,504303.1079149593,348.6054026753721,24.879443257243537,0.8162663448008516,
1100804636233191,2024,loc2,360094.6966482403,504308.69749890827,349.42166902017294,-2.161816277693731,21.24791738217679,0.0,-10.252020835876465,1.5962468385696411,2448,prior,flat,True,360069.1554301974,504303.6375214061,357.51187376261186,26.03761109313113,8.090204742438914,
1794136951725433,2025,loc2,360128.5122393634,504314.32278087456,350.37814580786244,-5.31579783024938,18.831871251631615,0.0,-0.6223635077476501,1.1574195623397827,2448,prior,flat,True,360125.03178494825,504312.498968666,345.6847115461226,3.9293579511055463,4.69343426173981,
1794136951725433,2024,loc2,360128.5122393634,504314.32278087456,350.37814580786244,-5.31579783024938,18.831871251631615,0.0,-5.761068820953369,1.1232458353042603,2448,prior,flat,True,360130.7010603267,504311.91214380617,350.82341686155144,3.256087880408729,0.4452710536889981,
2250285992180932,2025,loc2,360142.6419883799,504291.9622382168,80.71202241156853,-8.90746811004847,30.21488618115079,0.0,-52.8656120300293,0.9652881622314453,2448,prior,flat,True,360154.70197860745,504317.913768206,124.6701703760371,28.616870427636975,43.958147964468594,
2250285992180932,2024,loc2,360142.6419883799,504291.9622382168,80.71202241156853,-8.90746811004847,30.21488618115079,0.0,-18.69757080078125,1.219895601272583,2448,prior,flat,True,360139.0226387616,504289.56181039807,90.50212462882591,4.343011095089609,9.790102217257385,
1113377307836084,2025,loc2,360152.59731493844,504260.3036048608,31.148380222847756,-2.1963602555590036,17.530503018157212,0.0,-1.4856340885162354,1.3266100883483887,2448,prior,flat,True,360151.58509133634,504258.9839830046,30.437654183949064,1.6631291182664931,0.7107260388986845,
1113377307836084,2024,loc2,360152.59731493844,504260.3036048608,31.148380222847756,-2.1963602555590036,17.530503018157212,0.0,-8.0015230178833,1.2075648307800293,2448,prior,flat,True,360151.17724616505,504258.5757228056,36.95354423297337,2.2365535356606254,5.8051640101256226,
2163701757795311,2025,loc2,360185.94907221664,504266.20596416295,348.4601985591976,-3.8132556254095675,26.62386681226079,0.0,-5.482590198516846,1.1104224920272827,2448,prior,flat,True,360159.72388343996,504245.743406144,350.1295337856879,33.2637461367452,1.6693352264903183,
2163701757795311,2024,loc2,360185.94907221664,504266.20596416295,348.4601985591976,-3.8132556254095675,26.62386681226079,0.0,-15.087533950805664,0.842787504196167,2448,prior,flat,True,360161.4755185379,504244.106817884,359.7344761469908,32.974643226613544,11.274277587793222,
1407730031543039,2025,loc2,360163.45460668084,504260.85942704603,167.10602898892608,3.2101088841156695,16.20263947224276,0.0,0.19888833165168762,1.3955092430114746,2448,prior,flat,True,360159.42196387454,504259.96031924646,170.1172495281698,4.131658606231049,3.011220539243709,
1407730031543039,2024,loc2,360163.45460668084,504260.85942704603,167.10602898892608,3.2101088841156695,16.20263947224276,0.0,4.543984413146973,1.309583306312561,2448,prior,flat,True,360163.82050483313,504259.11801679916,165.77215316919032,1.779435614393558,1.3338758197357663,
4644665985853547,2025,loc2,360145.23046914255,504280.3795425352,256.1522303114766,-0.6694210753320533,6.890667594968546,0.0,-1.7179465293884277,1.2535138130187988,2448,prior,flat,True,360145.5215568745,504278.19902270025,257.2007559039622,2.19986336352091,1.0485255924855892,
4644665985853547,2024,loc2,360145.23046914255,504280.3795425352,256.1522303114766,-0.6694210753320533,6.890667594968546,0.0,-7.238358497619629,1.2719391584396362,2448,prior,flat,True,360145.76725120173,504278.9278649851,262.72116823750866,1.547741156818066,6.568937926032049,
2298484727642838,2025,loc2,360140.65024008346,504313.04823736195,285.4108410359246,8.674834325535244,29.29750458347407,0.0,10.03005599975586,1.1490498781204224,2448,prior,flat,True,360141.0091790051,504312.3730048377,284.05561879397106,0.7647065523776866,1.355222241953527,
2298484727642838,2024,loc2,360140.65024008346,504313.04823736195,285.4108410359246,8.674834325535244,29.29750458347407,0.0,13.998530387878418,1.116873860359192,2448,prior,flat,True,360097.577421673,504300.6454637346,280.08714358254025,44.82294590355286,5.323697453384341,
978411255289595,2025,loc2,360172.54386717896,504320.6193851456,353.22410338906485,-8.74934191626511,10.215259135897133,0.0,-8.3672513961792,1.161037802696228,2448,prior,flat,True,360171.7895302403,504320.1884238106,352.8420123157185,0.86876457646656,0.3820910733463734,
978411255289595,2024,loc2,360172.54386717896,504320.6193851456,353.22410338906485,-8.74934191626511,10.215259135897133,0.0,-9.195103645324707,1.094693899154663,2448,prior,flat,True,360171.89947306545,504318.7580164334,353.6698656833263,1.969755633657782,0.4457622942614421,
1394833675537922,2025,loc2,360205.21622605325,504314.60090983845,23.92590491563239,5.465485206348241,24.07275643370788,0.0,7.657426357269287,1.0678426027297974,2448,prior,flat,True,360204.941313456,504313.4056812481,21.733963905916816,1.226437246375514,2.1919410097155776,
1394833675537922,2024,loc2,360205.21622605325,504314.60090983845,23.92590491563239,5.465485206348241,24.07275643370788,0.0,4.617630481719971,1.1368472576141357,2448,prior,flat,True,360205.25544020627,504312.79190641054,24.7737591125184,1.8094284047753235,0.8478541968860043,
1395652132772836,2025,loc2,360212.6186717645,504285.4790996788,104.2002610016034,-5.775530422128938,16.23827392956013,0.0,-4.911280155181885,1.270012617111206,2448,prior,flat,True,360208.57827837666,504280.9756197438,103.33601092084072,6.050298360694084,0.8642500807626732,
1395652132772836,2024,loc2,360212.6186717645,504285.4790996788,104.2002610016034,-5.775530422128938,16.23827392956013,0.0,-7.7147417068481445,1.3252016305923462,2448,prior,flat,True,360210.559991078,504281.42916388065,106.13947228272542,4.543142760057673,1.9392112811220272,
1400355921620343,2025,loc2,360205.4759034122,504254.55547422264,107.0257488016855,4.523762939345843,22.887741252164506,0.0,-1.3071361780166626,1.433363676071167,2448,prior,flat,True,360210.3404236397,504276.0885695571,112.85664806122777,22.075727660202567,5.830899259542264,
1400355921620343,2024,loc2,360205.4759034122,504254.55547422264,107.0257488016855,4.523762939345843,22.887741252164506,0.0,-0.11911347508430481,1.3527188301086426,2448,prior,flat,True,360211.3725181242,504275.61123069143,111.66862522280395,21.86583969424481,4.642876421118444,
1659474219043827,2025,loc2,360194.59397493093,504220.8789819656,105.45750862113835,1.8236946770203843,28.29686517500868,0.0,1.9793295860290527,1.4033147096633911,2448,prior,flat,True,360194.35460863,504222.1198802213,105.30187355301936,1.2637739936713102,0.15563506811898264,
1659474219043827,2024,loc2,360194.59397493093,504220.8789819656,105.45750862113835,1.8236946770203843,28.29686517500868,0.0,3.352647304534912,1.4582977294921875,2448,prior,flat,True,360195.65601619426,504224.2646797896,103.92855601279246,3.5483632001954626,1.5289526083458895,
3757320467753222,2025,loc2,360184.3176811162,504190.7261088975,109.89330425369523,0.30327979300933805,16.261700513066646,0.0,0.897117018699646,1.3704782724380493,2448,prior,flat,True,360183.25003479427,504191.9354075775,109.29946701153277,1.6131559026543212,0.5938372421624649,
3757320467753222,2024,loc2,360184.3176811162,504190.7261088975,109.89330425369523,0.30327979300933805,16.261700513066646,0.0,-0.6612148880958557,1.2912559509277344,2448,prior,flat,True,360183.76616330474,504190.6780023181,110.8577989879445,0.5536119032043604,0.9644947342492856,
1084706981111921,2025,loc2,360172.7961192918,504159.78433716483,109.07841537892595,-2.4876025192762796,13.771266339979283,0.0,-1.5356942415237427,1.3389933109283447,2448,prior,flat,True,360171.1421502609,504157.4477432044,108.12650701402536,2.862740800519916,0.9519083649005893,
1084706981111921,2024,loc2,360172.7961192918,504159.78433716483,109.07841537892595,-2.4876025192762796,13.771266339979283,0.0,-2.972458839416504,1.285452127456665,2448,prior,flat,True,360171.08373709547,504156.4383417364,109.56327195984187,3.7587149657178527,0.48485658091590267,
1569936184813606,2025,loc2,360163.02569056407,504128.34509992413,107.55053766241267,-5.274329366226681,12.848549724647116,0.0,-12.339115142822266,1.6392757892608643,2448,prior,flat,True,360167.5752160977,504150.4874694445,114.61532393225735,22.604926687746666,7.064786269844689,
1569936184813606,2024,loc2,360163.02569056407,504128.34509992413,107.55053766241267,-5.274329366226681,12.848549724647116,0.0,-5.9717302322387695,1.1546393632888794,2448,prior,flat,True,360159.7512036637,504125.8910019894,108.24793828064502,4.0920485253477485,0.6974006182323365,
1966035434037497,2025,loc2,360152.2255144523,504096.58446743246,108.93797822619024,0.46948384629791917,2.954532516091057,0.0,-13.419897079467773,1.2205873727798462,2448,prior,flat,True,360147.72335609596,504089.30008424877,122.82735806548047,8.563391164292097,13.889379839290228,
1966035434037497,2024,loc2,360152.2255144523,504096.58446743246,108.93797822619024,0.46948384629791917,2.954532516091057,0.0,-0.0026663350872695446,1.3880650997161865,2448,prior,flat,True,360150.2226804601,504095.680399924,109.4101284077424,2.1974262354746736,0.47215018155216626,
