frame_id,year,method,gt_e,gt_n,gt_yaw,crop_rot_deg,centre_guess_m,heading,ref_up,residual_rot_deg,inliers_peak,inliers_fine,fallback_fine,fine_shift_m,ok,pred_e,pred_n,pred_yaw,err_m,err_deg,error
2095057974553082,2025,panoroma_coarse,360026.3821716677,504344.61452205386,81.42574118763453,2.725570345245515,6.078716834144202,gt,north,0.0,0.34627831715210355,0.27386934673366836,True,7.197654041218035,True,360041.9069181433,504328.7584284735,,22.190841731670183,5.844473943400171,
2095057974553082,2025,panoroma_fine,360026.3821716677,504344.61452205386,81.42574118763453,2.725570345245515,6.078716834144202,gt,north,0.0,0.34627831715210355,0.27386934673366836,True,7.197654041218035,True,360045.65221968794,504334.9048859928,,21.57803937201029,9.856823164170544,
2095057974553082,2025,panoroma_two_pass,360026.3821716677,504344.61452205386,81.42574118763453,2.725570345245515,6.078716834144202,gt,north,0.0,0.34627831715210355,0.27386934673366836,True,7.197654041218035,True,360041.9069181433,504328.7584284735,,22.190841731670183,5.844473943400171,
2095057974553082,2024,panoroma_coarse,360026.3821716677,504344.61452205386,81.42574118763453,2.725570345245515,6.078716834144202,gt,north,0.0,0.3860759493670886,0.3165137614678899,False,5.4251176728510115,True,360039.3100625862,504338.0002856742,,14.521655776362909,33.504417440180994,
2095057974553082,2024,panoroma_fine,360026.3821716677,504344.61452205386,81.42574118763453,2.725570345245515,6.078716834144202,gt,north,0.0,0.3860759493670886,0.3165137614678899,False,5.4251176728510115,True,360043.7829690384,504341.0703035299,,17.758075179530305,1.9989398590515919,
2095057974553082,2024,panoroma_two_pass,360026.3821716677,504344.61452205386,81.42574118763453,2.725570345245515,6.078716834144202,gt,north,0.0,0.3860759493670886,0.3165137614678899,False,5.4251176728510115,True,360043.7829690384,504341.0703035299,,17.758075179530305,1.9989398590515919,
2134127433808624,2025,panoroma_coarse,360032.84761322686,504307.9422390545,69.43286538919972,2.7334306631946674,11.661891745019847,gt,north,0.0,0.24723247232472326,0.2099125364431487,False,2.8643488077469375,True,360033.4528060728,504305.3193869355,,2.6917673782803706,3.0754691204270053,
2134127433808624,2025,panoroma_fine,360032.84761322686,504307.9422390545,69.43286538919972,2.7334306631946674,11.661891745019847,gt,north,0.0,0.24723247232472326,0.2099125364431487,False,2.8643488077469375,True,360035.92772076343,504303.87741212075,,5.099988278221879,1.3375419944937668,
2134127433808624,2025,panoroma_two_pass,360032.84761322686,504307.9422390545,69.43286538919972,2.7334306631946674,11.661891745019847,gt,north,0.0,0.24723247232472326,0.2099125364431487,False,2.8643488077469375,True,360035.92772076343,504303.87741212075,,5.099988278221879,1.3375419944937668,
2134127433808624,2024,panoroma_coarse,360032.84761322686,504307.9422390545,69.43286538919972,2.7334306631946674,11.661891745019847,gt,north,0.0,0.28063241106719367,0.18411552346570398,True,6.046556593203966,True,360033.407631245,504306.13019550586,,1.8966080255853723,5.4253398593041835,
2134127433808624,2024,panoroma_fine,360032.84761322686,504307.9422390545,69.43286538919972,2.7334306631946674,11.661891745019847,gt,north,0.0,0.28063241106719367,0.18411552346570398,True,6.046556593203966,True,360027.9472584103,504308.7273430067,,4.962848531252553,23.051450077078655,
2134127433808624,2024,panoroma_two_pass,360032.84761322686,504307.9422390545,69.43286538919972,2.7334306631946674,11.661891745019847,gt,north,0.0,0.28063241106719367,0.18411552346570398,True,6.046556593203966,True,360033.407631245,504306.13019550586,,1.8966080255853723,5.4253398593041835,
28398706986416513,2025,panoroma_coarse,360060.1043976202,504303.69896460697,354.88874202101726,-0.9760247201908214,15.006479104534213,gt,north,0.0,0.33853006681514475,0.1575492341356674,True,7.222628692762678,True,360060.46073759196,504299.7468358488,,3.968160770026678,3.55172807321064,
28398706986416513,2025,panoroma_fine,360060.1043976202,504303.69896460697,354.88874202101726,-0.9760247201908214,15.006479104534213,gt,north,0.0,0.33853006681514475,0.1575492341356674,True,7.222628692762678,True,360053.2446908763,504300.05511337105,,7.767446713171096,21.881981327627905,
28398706986416513,2025,panoroma_two_pass,360060.1043976202,504303.69896460697,354.88874202101726,-0.9760247201908214,15.006479104534213,gt,north,0.0,0.33853006681514475,0.1575492341356674,True,7.222628692762678,True,360060.46073759196,504299.7468358488,,3.968160770026678,3.55172807321064,
28398706986416513,2024,panoroma_coarse,360060.1043976202,504303.69896460697,354.88874202101726,-0.9760247201908214,15.006479104534213,gt,north,0.0,0.3779527559055118,0.1774580335731415,False,4.085844049091045,True,360055.4543101515,504299.0751087799,,6.557694425329778,13.02086427702093,
28398706986416513,2024,panoroma_fine,360060.1043976202,504303.69896460697,354.88874202101726,-0.9760247201908214,15.006479104534213,gt,north,0.0,0.3779527559055118,0.1774580335731415,False,4.085844049091045,True,360057.27408189274,504295.4168916727,,8.752337927977518,0.3046034729076317,
28398706986416513,2024,panoroma_two_pass,360060.1043976202,504303.69896460697,354.88874202101726,-0.9760247201908214,15.006479104534213,gt,north,0.0,0.3779527559055118,0.1774580335731415,False,4.085844049091045,True,360057.27408189274,504295.4168916727,,8.752337927977518,0.3046034729076317,
1100804636233191,2025,panoroma_coarse,360094.6966482403,504308.69749890827,349.42166902017294,-2.161816277693731,21.24791738217679,gt,north,0.0,0.5397614314115308,0.3200398803589232,False,5.631380992951209,True,360070.15659660444,504305.30247872556,,24.773782438953454,1.6761292870165712,
1100804636233191,2025,panoroma_fine,360094.6966482403,504308.69749890827,349.42166902017294,-2.161816277693731,21.24791738217679,gt,north,0.0,0.5397614314115308,0.3200398803589232,False,5.631380992951209,True,360074.9257280916,504302.3078440657,,20.777799992619734,3.3373071791058213,
1100804636233191,2025,panoroma_two_pass,360094.6966482403,504308.69749890827,349.42166902017294,-2.161816277693731,21.24791738217679,gt,north,0.0,0.5397614314115308,0.3200398803589232,False,5.631380992951209,True,360074.9257280916,504302.3078440657,,20.777799992619734,3.3373071791058213,
1100804636233191,2024,panoroma_coarse,360094.6966482403,504308.69749890827,349.42166902017294,-2.161816277693731,21.24791738217679,gt,north,0.0,0.596130592503023,0.3029953917050691,False,2.172032893014057,True,360071.685668299,504302.58447941986,,23.809120209001694,18.235247406941102,
1100804636233191,2024,panoroma_fine,360094.6966482403,504308.69749890827,349.42166902017294,-2.161816277693731,21.24791738217679,gt,north,0.0,0.596130592503023,0.3029953917050691,False,2.172032893014057,True,360070.80356604565,504300.59963118815,,25.22805657148103,7.177264357348481,
1100804636233191,2024,panoroma_two_pass,360094.6966482403,504308.69749890827,349.42166902017294,-2.161816277693731,21.24791738217679,gt,north,0.0,0.596130592503023,0.3029953917050691,False,2.172032893014057,True,360070.80356604565,504300.59963118815,,25.22805657148103,7.177264357348481,
1794136951725433,2025,panoroma_coarse,360128.5122393634,504314.32278087456,350.37814580786244,-5.31579783024938,18.831871251631615,gt,north,0.0,0.30991735537190085,0.2508710801393728,False,1.4392244710743058,True,360124.7674446051,504311.30216946977,,4.8111933073109725,1.1844862122973236,
1794136951725433,2025,panoroma_fine,360128.5122393634,504314.32278087456,350.37814580786244,-5.31579783024938,18.831871251631615,gt,north,0.0,0.30991735537190085,0.2508710801393728,False,1.4392244710743058,True,360125.8765314202,504310.38494893216,,4.7385099734309835,17.85265867040318,
1794136951725433,2025,panoroma_two_pass,360128.5122393634,504314.32278087456,350.37814580786244,-5.31579783024938,18.831871251631615,gt,north,0.0,0.30991735537190085,0.2508710801393728,False,1.4392244710743058,True,360125.8765314202,504310.38494893216,,4.7385099734309835,17.85265867040318,
1794136951725433,2024,panoroma_coarse,360128.5122393634,504314.32278087456,350.37814580786244,-5.31579783024938,18.831871251631615,gt,north,0.0,0.26842105263157895,0.24444444444444444,False,5.678750599361868,True,360122.09333260864,504307.876365184,,9.097177539290373,12.158155386488678,
1794136951725433,2024,panoroma_fine,360128.5122393634,504314.32278087456,350.37814580786244,-5.31579783024938,18.831871251631615,gt,north,0.0,0.26842105263157895,0.24444444444444444,False,5.678750599361868,True,360127.63041525206,504306.6158398296,,7.7572259238484484,12.217878760582513,
1794136951725433,2024,panoroma_two_pass,360128.5122393634,504314.32278087456,350.37814580786244,-5.31579783024938,18.831871251631615,gt,north,0.0,0.26842105263157895,0.24444444444444444,False,5.678750599361868,True,360127.63041525206,504306.6158398296,,7.7572259238484484,12.217878760582513,
2250285992180932,2025,panoroma_coarse,360142.6419883799,504291.9622382168,80.71202241156853,-8.90746811004847,30.21488618115079,gt,north,0.0,0.18769230769230769,0.1392,False,1.4691253814095087,True,360141.90690303675,504336.2783559789,,44.32221388838753,22.23206583969632,
2250285992180932,2025,panoroma_fine,360142.6419883799,504291.9622382168,80.71202241156853,-8.90746811004847,30.21488618115079,gt,north,0.0,0.18769230769230769,0.1392,False,1.4691253814095087,True,360141.7342622181,504337.737302357,,45.784063426316784,1.0278083843141534,
2250285992180932,2025,panoroma_two_pass,360142.6419883799,504291.9622382168,80.71202241156853,-8.90746811004847,30.21488618115079,gt,north,0.0,0.18769230769230769,0.1392,False,1.4691253814095087,True,360141.7342622181,504337.737302357,,45.784063426316784,1.0278083843141534,
2250285992180932,2024,panoroma_coarse,360142.6419883799,504291.9622382168,80.71202241156853,-8.90746811004847,30.21488618115079,gt,north,0.0,0.20092915214866433,0.1136986301369863,False,0.4833286604924613,True,360141.8604519443,504336.4207234477,,44.46535402117115,13.895833226561914,
2250285992180932,2024,panoroma_fine,360142.6419883799,504291.9622382168,80.71202241156853,-8.90746811004847,30.21488618115079,gt,north,0.0,0.20092915214866433,0.1136986301369863,False,0.4833286604924613,True,360141.6868321384,504336.87179190933,,44.91970988675853,6.745237119477698,
2250285992180932,2024,panoroma_two_pass,360142.6419883799,504291.9622382168,80.71202241156853,-8.90746811004847,30.21488618115079,gt,north,0.0,0.20092915214866433,0.1136986301369863,False,0.4833286604924613,True,360141.6868321384,504336.87179190933,,44.91970988675853,6.745237119477698,
1113377307836084,2025,panoroma_coarse,360152.59731493844,504260.3036048608,31.148380222847756,-2.1963602555590036,17.530503018157212,gt,north,0.0,0.30203442879499215,0.1610738255033557,False,4.340348312974874,True,360150.6351454772,504259.3344062172,,2.1884823520767904,0.02886525539158315,
1113377307836084,2025,panoroma_fine,360152.59731493844,504260.3036048608,31.148380222847756,-2.1963602555590036,17.530503018157212,gt,north,0.0,0.30203442879499215,0.1610738255033557,False,4.340348312974874,True,360149.81093838555,504255.0730324777,,5.9264476500916725,2.8117075461103833,
1113377307836084,2025,panoroma_two_pass,360152.59731493844,504260.3036048608,31.148380222847756,-2.1963602555590036,17.530503018157212,gt,north,0.0,0.30203442879499215,0.1610738255033557,False,4.340348312974874,True,360149.81093838555,504255.0730324777,,5.9264476500916725,2.8117075461103833,
1113377307836084,2024,panoroma_coarse,360152.59731493844,504260.3036048608,31.148380222847756,-2.1963602555590036,17.530503018157212,gt,north,0.0,0.27364864864864863,0.16987740805604204,True,6.781932015561747,True,360149.2374684374,504261.82061472675,,3.6864464520581484,1.761176968505654,
1113377307836084,2024,panoroma_fine,360152.59731493844,504260.3036048608,31.148380222847756,-2.1963602555590036,17.530503018157212,gt,north,0.0,0.27364864864864863,0.16987740805604204,True,6.781932015561747,True,360150.60305321176,504255.1775898067,,5.500282735366093,1.617043029086059,
1113377307836084,2024,panoroma_two_pass,360152.59731493844,504260.3036048608,31.148380222847756,-2.1963602555590036,17.530503018157212,gt,north,0.0,0.27364864864864863,0.16987740805604204,True,6.781932015561747,True,360149.2374684374,504261.82061472675,,3.6864464520581484,1.761176968505654,
2163701757795311,2025,panoroma_coarse,360185.94907221664,504266.20596416295,348.4601985591976,-3.8132556254095675,26.62386681226079,gt,north,0.0,0.28263795423956933,0.3674698795180723,False,5.796202756835765,True,360162.3207077036,504256.0216080437,,25.72976329321938,157.62177077532803,
2163701757795311,2025,panoroma_fine,360185.94907221664,504266.20596416295,348.4601985591976,-3.8132556254095675,26.62386681226079,gt,north,0.0,0.28263795423956933,0.3674698795180723,False,5.796202756835765,True,360166.6625386503,504259.8614609613,,20.30327800830352,2.7500673761335337,
2163701757795311,2025,panoroma_two_pass,360185.94907221664,504266.20596416295,348.4601985591976,-3.8132556254095675,26.62386681226079,gt,north,0.0,0.28263795423956933,0.3674698795180723,False,5.796202756835765,True,360166.6625386503,504259.8614609613,,20.30327800830352,2.7500673761335337,
2163701757795311,2024,panoroma_coarse,360185.94907221664,504266.20596416295,348.4601985591976,-3.8132556254095675,26.62386681226079,gt,north,0.0,0.5789473684210527,0.3659942363112392,False,3.7864976201766534,True,360180.1894424541,504262.17423732573,,7.03051607577011,1.0600521197927801,
2163701757795311,2024,panoroma_fine,360185.94907221664,504266.20596416295,348.4601985591976,-3.8132556254095675,26.62386681226079,gt,north,0.0,0.5789473684210527,0.3659942363112392,False,3.7864976201766534,True,360178.62823564105,504265.62390361604,,7.343939177763721,13.906676199969983,
2163701757795311,2024,panoroma_two_pass,360185.94907221664,504266.20596416295,348.4601985591976,-3.8132556254095675,26.62386681226079,gt,north,0.0,0.5789473684210527,0.3659942363112392,False,3.7864976201766534,True,360178.62823564105,504265.62390361604,,7.343939177763721,13.906676199969983,
1407730031543039,2025,panoroma_coarse,360163.45460668084,504260.85942704603,167.10602898892608,3.2101088841156695,16.20263947224276,gt,north,0.0,0.44022770398481975,0.18434782608695652,True,6.731227678689474,True,360165.065306005,504262.71856878296,,2.4598293255596566,0.4450822122585062,
1407730031543039,2025,panoroma_fine,360163.45460668084,504260.85942704603,167.10602898892608,3.2101088841156695,16.20263947224276,gt,north,0.0,0.44022770398481975,0.18434782608695652,True,6.731227678689474,True,360164.3286188397,504256.02777525136,,4.910066834442186,25.49459060521307,
1407730031543039,2025,panoroma_two_pass,360163.45460668084,504260.85942704603,167.10602898892608,3.2101088841156695,16.20263947224276,gt,north,0.0,0.44022770398481975,0.18434782608695652,True,6.731227678689474,True,360165.065306005,504262.71856878296,,2.4598293255596566,0.4450822122585062,
1407730031543039,2024,panoroma_coarse,360163.45460668084,504260.85942704603,167.10602898892608,3.2101088841156695,16.20263947224276,gt,north,0.0,0.34908136482939633,0.1539855072463768,True,7.462235517486163,True,360161.852326377,504261.40560297016,,1.692811363430488,0.056051210919404494,
1407730031543039,2024,panoroma_fine,360163.45460668084,504260.85942704603,167.10602898892608,3.2101088841156695,16.20263947224276,gt,north,0.0,0.34908136482939633,0.1539855072463768,True,7.462235517486163,True,360157.4933438197,504255.34885219246,,8.118071822578665,59.27688625221588,
1407730031543039,2024,panoroma_two_pass,360163.45460668084,504260.85942704603,167.10602898892608,3.2101088841156695,16.20263947224276,gt,north,0.0,0.34908136482939633,0.1539855072463768,True,7.462235517486163,True,360161.852326377,504261.40560297016,,1.692811363430488,0.056051210919404494,
4644665985853547,2025,panoroma_coarse,360145.23046914255,504280.3795425352,256.1522303114766,-0.6694210753320533,6.890667594968546,gt,north,0.0,0.549618320610687,0.41886151231945623,False,4.0904730148606205,True,360135.27531088394,504302.63950382004,,24.384647882592642,4.34356325656059,
4644665985853547,2025,panoroma_fine,360145.23046914255,504280.3795425352,256.1522303114766,-0.6694210753320533,6.890667594968546,gt,north,0.0,0.549618320610687,0.41886151231945623,False,4.0904730148606205,True,360139.169327475,504301.38706449064,,21.86443269384244,1.1210255739422,
4644665985853547,2025,panoroma_two_pass,360145.23046914255,504280.3795425352,256.1522303114766,-0.6694210753320533,6.890667594968546,gt,north,0.0,0.549618320610687,0.41886151231945623,False,4.0904730148606205,True,360139.169327475,504301.38706449064,,21.86443269384244,1.1210255739422,
4644665985853547,2024,panoroma_coarse,360145.23046914255,504280.3795425352,256.1522303114766,-0.6694210753320533,6.890667594968546,gt,north,0.0,0.4883720930232558,0.47378104875804966,False,4.288123532094903,True,360136.8687582662,504300.6934088135,,21.967507185693012,7.871057438707266,
4644665985853547,2024,panoroma_fine,360145.23046914255,504280.3795425352,256.1522303114766,-0.6694210753320533,6.890667594968546,gt,north,0.0,0.4883720930232558,0.47378104875804966,False,4.288123532094903,True,360140.83013355854,504299.0516082106,,19.18356040571201,4.681714022864293,
4644665985853547,2024,panoroma_two_pass,360145.23046914255,504280.3795425352,256.1522303114766,-0.6694210753320533,6.890667594968546,gt,north,0.0,0.4883720930232558,0.47378104875804966,False,4.288123532094903,True,360140.83013355854,504299.0516082106,,19.18356040571201,4.681714022864293,
2298484727642838,2025,panoroma_coarse,360140.65024008346,504313.04823736195,285.4108410359246,8.674834325535244,29.29750458347407,gt,north,0.0,0.2691131498470948,0.31065759637188206,False,1.6274072775542485,True,360118.974135875,504297.30041799316,,26.792672664885092,110.23169354203162,
2298484727642838,2025,panoroma_fine,360140.65024008346,504313.04823736195,285.4108410359246,8.674834325535244,29.29750458347407,gt,north,0.0,0.2691131498470948,0.31065759637188206,False,1.6274072775542485,True,360120.06970160047,504296.09701025335,,26.662758010697488,55.574185617450816,
2298484727642838,2025,panoroma_two_pass,360140.65024008346,504313.04823736195,285.4108410359246,8.674834325535244,29.29750458347407,gt,north,0.0,0.2691131498470948,0.31065759637188206,False,1.6274072775542485,True,360120.06970160047,504296.09701025335,,26.662758010697488,55.574185617450816,
2298484727642838,2024,panoroma_coarse,360140.65024008346,504313.04823736195,285.4108410359246,8.674834325535244,29.29750458347407,gt,north,0.0,0.32627646326276466,0.20467185761957732,False,2.339265946907761,True,360122.9398922878,504297.1459772481,,23.802064947664963,11.090411285570218,
2298484727642838,2024,panoroma_fine,360140.65024008346,504313.04823736195,285.4108410359246,8.674834325535244,29.29750458347407,gt,north,0.0,0.32627646326276466,0.20467185761957732,False,2.339265946907761,True,360125.13749778445,504297.9476600104,,21.648847774987566,7.352055143361553,
2298484727642838,2024,panoroma_two_pass,360140.65024008346,504313.04823736195,285.4108410359246,8.674834325535244,29.29750458347407,gt,north,0.0,0.32627646326276466,0.20467185761957732,False,2.339265946907761,True,360125.13749778445,504297.9476600104,,21.648847774987566,7.352055143361553,
978411255289595,2025,panoroma_coarse,360172.54386717896,504320.6193851456,353.22410338906485,-8.74934191626511,10.215259135897133,gt,north,0.0,0.36675461741424803,0.27768595041322314,False,5.23013949005854,True,360176.31375968765,504323.76965119404,,4.912867360617075,9.080187322384175,
978411255289595,2025,panoroma_fine,360172.54386717896,504320.6193851456,353.22410338906485,-8.74934191626511,10.215259135897133,gt,north,0.0,0.36675461741424803,0.27768595041322314,False,5.23013949005854,True,360173.64207975694,504319.2733765769,,1.7371844845863293,2.4178144383578215,
978411255289595,2025,panoroma_two_pass,360172.54386717896,504320.6193851456,353.22410338906485,-8.74934191626511,10.215259135897133,gt,north,0.0,0.36675461741424803,0.27768595041322314,False,5.23013949005854,True,360173.64207975694,504319.2733765769,,1.7371844845863293,2.4178144383578215,
978411255289595,2024,panoroma_coarse,360172.54386717896,504320.6193851456,353.22410338906485,-8.74934191626511,10.215259135897133,gt,north,0.0,0.5784499054820416,0.19320214669051877,False,1.1194342369699135,True,360174.06649905554,504320.8462640533,,1.5394420646239455,9.028481892477432,
978411255289595,2024,panoroma_fine,360172.54386717896,504320.6193851456,353.22410338906485,-8.74934191626511,10.215259135897133,gt,north,0.0,0.5784499054820416,0.19320214669051877,False,1.1194342369699135,True,360173.096626927,504321.4052641117,,0.9608064781412862,3.8986454954202423,
978411255289595,2024,panoroma_two_pass,360172.54386717896,504320.6193851456,353.22410338906485,-8.74934191626511,10.215259135897133,gt,north,0.0,0.5784499054820416,0.19320214669051877,False,1.1194342369699135,True,360173.096626927,504321.4052641117,,0.9608064781412862,3.8986454954202423,
1394833675537922,2025,panoroma_coarse,360205.21622605325,504314.60090983845,23.92590491563239,5.465485206348241,24.07275643370788,gt,north,0.0,0.6660617059891107,0.33544303797468356,False,4.817620937743509,True,360207.8503039871,504309.1611986207,,6.043908064680552,16.3456672829658,
1394833675537922,2025,panoroma_fine,360205.21622605325,504314.60090983845,23.92590491563239,5.465485206348241,24.07275643370788,gt,north,0.0,0.6660617059891107,0.33544303797468356,False,4.817620937743509,True,360206.36085522507,504313.74279374524,,1.4305730216931714,0.0034199167073403636,
1394833675537922,2025,panoroma_two_pass,360205.21622605325,504314.60090983845,23.92590491563239,5.465485206348241,24.07275643370788,gt,north,0.0,0.6660617059891107,0.33544303797468356,False,4.817620937743509,True,360206.36085522507,504313.74279374524,,1.4305730216931714,0.0034199167073403636,
1394833675537922,2024,panoroma_coarse,360205.21622605325,504314.60090983845,23.92590491563239,5.465485206348241,24.07275643370788,gt,north,0.0,0.7528301886792453,0.35294117647058826,False,1.6594810014060581,True,360205.9045422773,504310.9964678748,,3.6695750562771865,6.81549074746629,
1394833675537922,2024,panoroma_fine,360205.21622605325,504314.60090983845,23.92590491563239,5.465485206348241,24.07275643370788,gt,north,0.0,0.7528301886792453,0.35294117647058826,False,1.6594810014060581,True,360206.176523081,504312.6335089972,,2.189254770845823,0.849378252173567,
1394833675537922,2024,panoroma_two_pass,360205.21622605325,504314.60090983845,23.92590491563239,5.465485206348241,24.07275643370788,gt,north,0.0,0.7528301886792453,0.35294117647058826,False,1.6594810014060581,True,360206.176523081,504312.6335089972,,2.189254770845823,0.849378252173567,
1395652132772836,2025,panoroma_coarse,360212.6186717645,504285.4790996788,104.2002610016034,-5.775530422128938,16.23827392956013,gt,north,0.0,0.43243243243243246,0.3921200750469043,False,2.493860633000289,True,360202.1490364661,504255.75071680587,,31.51809022644084,5.404008660702976,
1395652132772836,2025,panoroma_fine,360212.6186717645,504285.4790996788,104.2002610016034,-5.775530422128938,16.23827392956013,gt,north,0.0,0.43243243243243246,0.3921200750469043,False,2.493860633000289,True,360204.6212640436,504255.4229491112,,31.10194073038654,2.598316437489621,
1395652132772836,2025,panoroma_two_pass,360212.6186717645,504285.4790996788,104.2002610016034,-5.775530422128938,16.23827392956013,gt,north,0.0,0.43243243243243246,0.3921200750469043,False,2.493860633000289,True,360204.6212640436,504255.4229491112,,31.10194073038654,2.598316437489621,
1395652132772836,2024,panoroma_coarse,360212.6186717645,504285.4790996788,104.2002610016034,-5.775530422128938,16.23827392956013,gt,north,0.0,0.4577259475218659,0.4308617234468938,False,4.3306812502633925,True,360200.349217826,504255.82535552315,,32.0918064682999,13.05166200372304,
1395652132772836,2024,panoroma_fine,360212.6186717645,504285.4790996788,104.2002610016034,-5.775530422128938,16.23827392956013,gt,north,0.0,0.4577259475218659,0.4308617234468938,False,4.3306812502633925,True,360201.4875422546,504251.64695659693,,35.61623154796671,1.1237455742622828,
1395652132772836,2024,panoroma_two_pass,360212.6186717645,504285.4790996788,104.2002610016034,-5.775530422128938,16.23827392956013,gt,north,0.0,0.4577259475218659,0.4308617234468938,False,4.3306812502633925,True,360201.4875422546,504251.64695659693,,35.61623154796671,1.1237455742622828,
1400355921620343,2025,panoroma_coarse,360205.4759034122,504254.55547422264,107.0257488016855,4.523762939345843,22.887741252164506,gt,north,0.0,0.5181695827725438,0.41566265060240964,False,1.9121292501160825,True,360206.70570457476,504256.97518625355,,2.7142986593138185,1.5543657509174473,
1400355921620343,2025,panoroma_fine,360205.4759034122,504254.55547422264,107.0257488016855,4.523762939345843,22.887741252164506,gt,north,0.0,0.5181695827725438,0.41566265060240964,False,1.9121292501160825,True,360206.41381060285,504255.0854677088,,1.0772942929667435,8.316146031094878,
1400355921620343,2025,panoroma_two_pass,360205.4759034122,504254.55547422264,107.0257488016855,4.523762939345843,22.887741252164506,gt,north,0.0,0.5181695827725438,0.41566265060240964,False,1.9121292501160825,True,360206.41381060285,504255.0854677088,,1.0772942929667435,8.316146031094878,
1400355921620343,2024,panoroma_coarse,360205.4759034122,504254.55547422264,107.0257488016855,4.523762939345843,22.887741252164506,gt,north,0.0,0.4784172661870504,0.4195804195804196,False,3.055163680127441,True,360208.7528372168,504267.19533403905,,13.057731477478926,3.8672738698200733,
1400355921620343,2024,panoroma_fine,360205.4759034122,504254.55547422264,107.0257488016855,4.523762939345843,22.887741252164506,gt,north,0.0,0.4784172661870504,0.4195804195804196,False,3.055163680127441,True,360209.5437216373,504264.24431269965,,10.508127147397603,3.4997422696559335,
1400355921620343,2024,panoroma_two_pass,360205.4759034122,504254.55547422264,107.0257488016855,4.523762939345843,22.887741252164506,gt,north,0.0,0.4784172661870504,0.4195804195804196,False,3.055163680127441,True,360209.5437216373,504264.24431269965,,10.508127147397603,3.4997422696559335,
1659474219043827,2025,panoroma_coarse,360194.59397493093,504220.8789819656,105.45750862113835,1.8236946770203843,28.29686517500868,gt,north,0.0,0.5856777493606138,0.36821192052980134,False,4.418622966129505,True,360192.0331894032,504228.84086990706,,8.363568742560732,4.527108519519499,
1659474219043827,2025,panoroma_fine,360194.59397493093,504220.8789819656,105.45750862113835,1.8236946770203843,28.29686517500868,gt,north,0.0,0.5856777493606138,0.36821192052980134,False,4.418622966129505,True,360195.5929352128,504226.2231535955,,5.43673542255038,1.373090287659895,
1659474219043827,2025,panoroma_two_pass,360194.59397493093,504220.8789819656,105.45750862113835,1.8236946770203843,28.29686517500868,gt,north,0.0,0.5856777493606138,0.36821192052980134,False,4.418622966129505,True,360195.5929352128,504226.2231535955,,5.43673542255038,1.373090287659895,
1659474219043827,2024,panoroma_coarse,360194.59397493093,504220.8789819656,105.45750862113835,1.8236946770203843,28.29686517500868,gt,north,0.0,0.4915084915084915,0.4262295081967213,False,5.424911518157944,True,360193.8200596626,504230.62032708776,,9.772039174688935,4.023048571767726,
1659474219043827,2024,panoroma_fine,360194.59397493093,504220.8789819656,105.45750862113835,1.8236946770203843,28.29686517500868,gt,north,0.0,0.4915084915084915,0.4262295081967213,False,5.424911518157944,True,360194.99933838693,504225.32514374156,,4.4646023417008145,4.541232562677765,
1659474219043827,2024,panoroma_two_pass,360194.59397493093,504220.8789819656,105.45750862113835,1.8236946770203843,28.29686517500868,gt,north,0.0,0.4915084915084915,0.4262295081967213,False,5.424911518157944,True,360194.99933838693,504225.32514374156,,4.4646023417008145,4.541232562677765,
3757320467753222,2025,panoroma_coarse,360184.3176811162,504190.7261088975,109.89330425369523,0.30327979300933805,16.261700513066646,gt,north,0.0,0.6313912009512486,0.467515923566879,False,1.3510023592550318,True,360185.0842215216,504187.060483293,,3.7449159223032247,4.526170474338224,
3757320467753222,2025,panoroma_fine,360184.3176811162,504190.7261088975,109.89330425369523,0.30327979300933805,16.261700513066646,gt,north,0.0,0.6313912009512486,0.467515923566879,False,1.3510023592550318,True,360185.4978411703,504188.346611654,,2.6560845026141453,3.405871247975,
3757320467753222,2025,panoroma_two_pass,360184.3176811162,504190.7261088975,109.89330425369523,0.30327979300933805,16.261700513066646,gt,north,0.0,0.6313912009512486,0.467515923566879,False,1.3510023592550318,True,360185.4978411703,504188.346611654,,2.6560845026141453,3.405871247975,
3757320467753222,2024,panoroma_coarse,360184.3176811162,504190.7261088975,109.89330425369523,0.30327979300933805,16.261700513066646,gt,north,0.0,0.6347381864623244,0.38865836791147995,False,2.405047026473706,True,360182.9923346288,504188.56973295304,,2.531106581205381,3.7850298906850584,
3757320467753222,2024,panoroma_fine,360184.3176811162,504190.7261088975,109.89330425369523,0.30327979300933805,16.261700513066646,gt,north,0.0,0.6347381864623244,0.38865836791147995,False,2.405047026473706,True,360183.394540152,504186.1985556259,,4.620706425068799,5.216565573104236,
3757320467753222,2024,panoroma_two_pass,360184.3176811162,504190.7261088975,109.89330425369523,0.30327979300933805,16.261700513066646,gt,north,0.0,0.6347381864623244,0.38865836791147995,False,2.405047026473706,True,360183.394540152,504186.1985556259,,4.620706425068799,5.216565573104236,
1084706981111921,2025,panoroma_coarse,360172.7961192918,504159.78433716483,109.07841537892595,-2.4876025192762796,13.771266339979283,gt,north,0.0,0.5804455445544554,0.45348837209302323,False,0.558952143180654,True,360170.97502308094,504156.12572874705,,4.086784428358435,3.5431477327216174,
1084706981111921,2025,panoroma_fine,360172.7961192918,504159.78433716483,109.07841537892595,-2.4876025192762796,13.771266339979283,gt,north,0.0,0.5804455445544554,0.45348837209302323,False,0.558952143180654,True,360171.06710158626,504155.5744130052,,4.551149707041677,1.9079343746563973,
1084706981111921,2025,panoroma_two_pass,360172.7961192918,504159.78433716483,109.07841537892595,-2.4876025192762796,13.771266339979283,gt,north,0.0,0.5804455445544554,0.45348837209302323,False,0.558952143180654,True,360171.06710158626,504155.5744130052,,4.551149707041677,1.9079343746563973,
1084706981111921,2024,panoroma_coarse,360172.7961192918,504159.78433716483,109.07841537892595,-2.4876025192762796,13.771266339979283,gt,north,0.0,0.5850931677018634,0.417027417027417,False,1.8430374356748669,True,360172.6301901459,504155.1871405845,,4.600190091674674,5.447306336010387,
1084706981111921,2024,panoroma_fine,360172.7961192918,504159.78433716483,109.07841537892595,-2.4876025192762796,13.771266339979283,gt,north,0.0,0.5850931677018634,0.417027417027417,False,1.8430374356748669,True,360170.85839240096,504155.69460461306,,4.525560501034563,0.7729206929828895,
1084706981111921,2024,panoroma_two_pass,360172.7961192918,504159.78433716483,109.07841537892595,-2.4876025192762796,13.771266339979283,gt,north,0.0,0.5850931677018634,0.417027417027417,False,1.8430374356748669,True,360170.85839240096,504155.69460461306,,4.525560501034563,0.7729206929828895,
1569936184813606,2025,panoroma_coarse,360163.02569056407,504128.34509992413,107.55053766241267,-5.274329366226681,12.848549724647116,gt,north,0.0,0.5482625482625483,0.3333333333333333,False,2.4842053169042653,True,360159.1964262885,504127.56922221626,,3.907077054475976,0.22106435307390457,
1569936184813606,2025,panoroma_fine,360163.02569056407,504128.34509992413,107.55053766241267,-5.274329366226681,12.848549724647116,gt,north,0.0,0.5482625482625483,0.3333333333333333,False,2.4842053169042653,True,360161.66901050956,504127.3292152865,,1.6948753250109765,1.4977990435938098,
1569936184813606,2025,panoroma_two_pass,360163.02569056407,504128.34509992413,107.55053766241267,-5.274329366226681,12.848549724647116,gt,north,0.0,0.5482625482625483,0.3333333333333333,False,2.4842053169042653,True,360161.66901050956,504127.3292152865,,1.6948753250109765,1.4977990435938098,
1569936184813606,2024,panoroma_coarse,360163.02569056407,504128.34509992413,107.55053766241267,-5.274329366226681,12.848549724647116,gt,north,0.0,0.4090909090909091,0.25477707006369427,False,4.414075262165624,True,360160.10526101367,504131.45441834803,,4.265767201813296,4.2008762944966636,
1569936184813606,2024,panoroma_fine,360163.02569056407,504128.34509992413,107.55053766241267,-5.274329366226681,12.848549724647116,gt,north,0.0,0.4090909090909091,0.25477707006369427,False,4.414075262165624,True,360161.1157324415,504127.15755810903,,2.2490432616253764,2.871319629419964,
1569936184813606,2024,panoroma_two_pass,360163.02569056407,504128.34509992413,107.55053766241267,-5.274329366226681,12.848549724647116,gt,north,0.0,0.4090909090909091,0.25477707006369427,False,4.414075262165624,True,360161.1157324415,504127.15755810903,,2.2490432616253764,2.871319629419964,
1966035434037497,2025,panoroma_coarse,360152.2255144523,504096.58446743246,108.93797822619024,0.46948384629791917,2.954532516091057,gt,north,0.0,0.5048426150121066,0.38333333333333336,False,1.6654206463479604,True,360149.1466634939,504095.81789362646,,3.172847084926118,1.2506629894778847,
1966035434037497,2025,panoroma_fine,360152.2255144523,504096.58446743246,108.93797822619024,0.46948384629791917,2.954532516091057,gt,north,0.0,0.5048426150121066,0.38333333333333336,False,1.6654206463479604,True,360150.25816201646,504097.0581343142,,2.023570093117617,6.041585800990473,
1966035434037497,2025,panoroma_two_pass,360152.2255144523,504096.58446743246,108.93797822619024,0.46948384629791917,2.954532516091057,gt,north,0.0,0.5048426150121066,0.38333333333333336,False,1.6654206463479604,True,360150.25816201646,504097.0581343142,,2.023570093117617,6.041585800990473,
1966035434037497,2024,panoroma_coarse,360152.2255144523,504096.58446743246,108.93797822619024,0.46948384629791917,2.954532516091057,gt,north,0.0,0.43743536711478803,0.4414668547249647,False,3.52857117113676,True,360146.9136116274,504095.89489936177,,5.3564741897411325,15.013144975786819,
1966035434037497,2024,panoroma_fine,360152.2255144523,504096.58446743246,108.93797822619024,0.46948384629791917,2.954532516091057,gt,north,0.0,0.43743536711478803,0.4414668547249647,False,3.52857117113676,True,360150.2111750722,504097.1506421051,,2.092395014883408,0.7489362912766181,
1966035434037497,2024,panoroma_two_pass,360152.2255144523,504096.58446743246,108.93797822619024,0.46948384629791917,2.954532516091057,gt,north,0.0,0.43743536711478803,0.4414668547249647,False,3.52857117113676,True,360150.2111750722,504097.1506421051,,2.092395014883408,0.7489362912766181,
