protocol,method,year,n,median_m,median_lo,median_hi,mean_capped_m,r1,r5,r10,gt30,heading_median_deg
prior,IPM + Sat-RoMa (existing),all,400,5.693739793017913,4.939311035450855,6.537559658845507,11.609292080831901,0.06,0.4525,0.715,0.0525,2.62636753861602
prior,IPM + Sat-RoMa (existing),2024,200,5.9450139117182745,4.772112998101644,6.672434520636845,14.239101972902182,0.06,0.45,0.71,0.05,2.47109938773172
prior,IPM + Sat-RoMa (existing),2025,200,5.507534229946653,4.341912517118052,6.852070436489672,8.979482188761622,0.06,0.455,0.72,0.055,2.675541722036446
prior,FG² native,all,400,4.148410916144477,3.8233582675004643,4.555160896418937,5.70404237897863,0.0625,0.585,0.8575,0.0,2.404639878200399
prior,FG² native,2024,200,4.1213615346467485,3.415827095464781,4.601308112654608,5.807075936963558,0.07,0.595,0.855,0.0,1.9716084496555197
prior,FG² native,2025,200,4.148410916144477,3.8499641841417063,4.944785761032819,5.601008820993704,0.055,0.575,0.86,0.0,2.6497769847032515
prior,Loc² native flat depth,all,400,3.907728007409841,3.470155680889432,4.253286360608353,6.795737960587125,0.0625,0.625,0.835,0.03,2.3369414532331234
prior,Loc² native flat depth,2024,200,3.6466399410816654,3.341249567364225,4.066475992735766,6.658743177728026,0.06,0.655,0.84,0.03,2.291537271080216
prior,Loc² native flat depth,2025,200,4.172780062972724,3.5873171137261735,4.695237199552356,6.932732743446224,0.065,0.595,0.83,0.03,2.3390874798663503
prior,Loc² native UniK3D,all,400,3.504060255240991,3.262822704109519,3.7728362153593267,6.29443992848247,0.0575,0.68,0.855,0.0325,2.0152928001036514
prior,Loc² native UniK3D,2024,200,3.376698687164653,2.9755653172909913,3.8380837853289984,6.294280164705722,0.055,0.665,0.855,0.035,1.8877314279144741
prior,Loc² native UniK3D,2025,200,3.6221394290405264,3.3035092230893826,4.1849273026514915,6.294599692259217,0.06,0.695,0.855,0.03,2.0789555849666783
prior,PanoRoMa coarse (crop),all,400,5.204885923715704,4.650968379241557,5.8322866384921905,7.76363298019096,0.025,0.4875,0.77,0.02,5.278046087081296
prior,PanoRoMa coarse (crop),2024,200,4.847761417853805,4.454165547233325,5.771810456737738,7.545288612374685,0.02,0.505,0.785,0.02,5.335373210599357
prior,PanoRoMa coarse (crop),2025,200,5.488652995072908,4.632564487364623,6.430433004241763,7.981977348007233,0.03,0.47,0.755,0.02,5.141785382852637
prior,PanoRoMa two-pass (crop),all,400,5.010867924046451,4.497755349443271,5.57469869926946,7.66585535515215,0.025,0.4975,0.7725,0.0275,4.372657682229379
prior,PanoRoMa two-pass (crop),2024,200,4.500689109887299,3.7818045193868675,5.062437583129204,7.2565444130991885,0.03,0.555,0.78,0.025,3.929576294770055
prior,PanoRoMa two-pass (crop),2025,200,5.565019154665237,4.808311691476043,6.384626052989854,8.075166297205111,0.02,0.44,0.765,0.03,4.830392528919033
prior,PanoRoMa fine (ungated) (crop),all,400,4.969217057601135,4.458621701851753,5.57469869926946,7.655863686254935,0.025,0.5,0.7725,0.0275,4.362007828851588
prior,PanoRoMa fine (ungated) (crop),2024,200,4.45049023240761,3.7130538032893172,5.053030336972409,7.236561075304758,0.03,0.56,0.78,0.025,3.870977975266824
prior,PanoRoMa fine (ungated) (crop),2025,200,5.565019154665237,4.808311691476043,6.384626052989854,8.075166297205111,0.02,0.44,0.765,0.03,4.830392528919033
prior,PanoRoMa coarse (north),all,400,5.464898473458619,5.197850851571391,6.157450124361537,8.696583148641396,0.0175,0.42,0.7475,0.0425,5.7376413954816154
prior,PanoRoMa coarse (north),2024,200,5.379720080082806,5.069195849005716,6.319099642179516,8.212816101429041,0.025,0.42,0.765,0.035,5.613032396148377
prior,PanoRoMa coarse (north),2025,200,5.594827115286417,5.0162437180811565,6.5581280853166835,9.180350195853753,0.01,0.42,0.73,0.05,5.803343825094695
prior,PanoRoMa two-pass (north),all,400,4.753595493270048,4.033751725511613,5.387519628359668,8.048225088294958,0.06,0.5275,0.7625,0.04,4.403907528306579
prior,PanoRoMa two-pass (north),2024,200,4.753595493270048,3.981532943371468,5.818367133012835,7.7040952168038,0.06,0.535,0.785,0.035,4.385698921622759
prior,PanoRoMa two-pass (north),2025,200,4.746331974643913,3.8606608741177615,5.740399081501326,8.392354959786111,0.06,0.52,0.74,0.045,4.564956465479623
prior,PanoRoMa fine (ungated) (north),all,400,4.829365864947068,4.091684308662211,5.5108737255073725,8.077421705742573,0.06,0.52,0.7625,0.04,4.41322820920299
prior,PanoRoMa fine (ungated) (north),2024,200,4.835018358104421,4.020966188432793,6.094798563364062,7.7682514692384,0.06,0.525,0.785,0.035,4.385698921622759
prior,PanoRoMa fine (ungated) (north),2025,200,4.829365864947068,3.885150241618442,5.740399081501326,8.386591942246742,0.06,0.515,0.74,0.045,4.7446303387522635
prior,PanoRoMa coarse (north_ext71),all,400,5.335976419951059,4.685271572623585,6.135700022635026,8.146276512702736,0.0525,0.47,0.7775,0.02,4.697211367922396
prior,PanoRoMa coarse (north_ext71),2024,200,5.432213191972334,4.3803689237324015,6.365283346014163,8.241792877855584,0.06,0.47,0.77,0.025,4.352633533400941
prior,PanoRoMa coarse (north_ext71),2025,200,5.273302348066183,4.5061019077558,6.244668758462993,8.050760147549886,0.045,0.47,0.785,0.015,4.9132866694171735
prior,PanoRoMa two-pass (north_ext71),all,400,4.53222536658841,3.882546093043586,5.117254986700666,7.867103260115898,0.0475,0.5425,0.76,0.03,4.168955694344982
prior,PanoRoMa two-pass (north_ext71),2024,200,4.30749531065592,3.487512443694454,5.4626952304498975,7.949890929792867,0.04,0.54,0.755,0.04,3.7918592163374267
prior,PanoRoMa two-pass (north_ext71),2025,200,4.636995863230906,3.825922697051978,5.204182338991476,7.784315590438933,0.055,0.545,0.765,0.02,4.561981499384557
prior,PanoRoMa fine (ungated) (north_ext71),all,400,4.628899069930981,3.91707790185899,5.1517708315921125,7.901556844859778,0.0475,0.535,0.76,0.03,4.246589530071143
prior,PanoRoMa fine (ungated) (north_ext71),2024,200,4.574959916913857,3.7629838063967354,5.637829137033474,8.01385308269041,0.04,0.53,0.755,0.04,3.846968519754972
prior,PanoRoMa fine (ungated) (north_ext71),2025,200,4.672381458096435,3.854441350736817,5.20715118095584,7.789260607029146,0.055,0.54,0.765,0.02,4.561981499384557
gt,"FG² native (reported, task 02)",all,400,4.243053210922433,3.7879757282346938,4.611565227670501,5.573619771594326,0.0725,0.5925,0.8525,0.0025,
gt,"FG² native (reported, task 02)",2024,200,3.9533572296233386,3.347082387967864,4.714685614430403,5.588939667122787,0.075,0.605,0.845,0.005,
gt,"FG² native (reported, task 02)",2025,200,4.350964602066833,3.818582988780989,4.897194868628034,5.558299876065865,0.07,0.58,0.86,0.0,
gt,"Loc² native flat depth (reported, task 02)",all,400,4.034700205726359,3.575066645557533,4.350174382820478,6.768149184404234,0.0625,0.6225,0.8325,0.03,
gt,"Loc² native flat depth (reported, task 02)",2024,200,3.672378960286907,3.327908773727641,4.192744076416265,6.678917422547248,0.055,0.645,0.835,0.03,
gt,"Loc² native flat depth (reported, task 02)",2025,200,4.214416849192718,3.6083025919379166,4.6852240155139135,6.857380946261219,0.07,0.6,0.83,0.03,
gt,FG² native,all,400,3.9798838762896285,3.6322751027513878,4.624713702503685,5.541298729347777,0.0525,0.5925,0.8625,0.0025,1.997336930343664
gt,FG² native,2024,200,3.7638991889077413,3.3111448529853478,4.674983006293932,5.596332718304058,0.06,0.59,0.865,0.005,1.9949735657615264
gt,FG² native,2025,200,4.316742910539981,3.7389914371230173,4.912174422184721,5.486264740391498,0.045,0.595,0.86,0.0,2.037262108435172
gt,Loc² native flat depth,all,400,4.010978176172549,3.597922745835679,4.2799194043580675,6.831536496948445,0.0575,0.6075,0.83,0.03,2.3020517669712888
gt,Loc² native flat depth,2024,200,3.760190659264596,3.244959223463186,4.183846008324699,6.657361608780025,0.05,0.635,0.835,0.03,2.22618274026145
gt,Loc² native flat depth,2025,200,4.260757765657495,3.754809625135901,4.9097120364551525,7.005711385116865,0.065,0.58,0.825,0.03,2.601291426496317
gt,Loc² native UniK3D,all,400,3.5323053296391107,3.2154653674513076,3.832037698834882,6.328976714951753,0.07,0.6675,0.85,0.0325,1.9192101512641528
gt,Loc² native UniK3D,2024,200,3.3986490986097513,3.0970725786046023,3.8343836806583305,6.279342882253253,0.06,0.665,0.86,0.04,1.8952915909587773
gt,Loc² native UniK3D,2025,200,3.6298576407870127,3.321137007707387,4.208364170633843,6.378610547650251,0.08,0.67,0.84,0.025,1.9513461554800244
gt,PanoRoMa coarse (north),all,400,5.410228821444767,4.932428159588777,6.090451426044114,8.730486029659463,0.02,0.4575,0.745,0.0475,3.7225205127058603
gt,PanoRoMa coarse (north),2024,200,5.284984197717696,4.549530844286983,6.24002174588067,8.368878244882294,0.03,0.465,0.75,0.045,3.618077194043728
gt,PanoRoMa coarse (north),2025,200,5.537544615185201,4.82420244067012,6.283581018512034,9.092093814436634,0.01,0.45,0.74,0.05,3.89935406410099
gt,PanoRoMa two-pass (north),all,400,4.729123774857659,4.126787733530569,5.338423809639302,8.23890530033009,0.055,0.515,0.755,0.045,2.3456403351263377
gt,PanoRoMa two-pass (north),2024,200,4.567900394218737,3.89472017589714,5.794335006306447,7.9826003561648475,0.06,0.525,0.78,0.045,2.091541408596747
gt,PanoRoMa two-pass (north),2025,200,4.9694130842859945,4.016371850079306,5.612051959860969,8.495210244495333,0.05,0.505,0.73,0.045,2.643868372150689
gt,PanoRoMa fine (ungated) (north),all,400,4.880941338574818,4.147070929045368,5.446068163022995,8.241509808257135,0.055,0.5075,0.755,0.045,2.3559636481533532
gt,PanoRoMa fine (ungated) (north),2024,200,4.729123774857659,4.115723571715278,5.8798883048549015,8.002805109904449,0.06,0.515,0.78,0.045,2.091541408596747
gt,PanoRoMa fine (ungated) (north),2025,200,4.9973954124789906,4.094986221820207,5.634503801274085,8.480214506609823,0.05,0.5,0.73,0.045,2.643868372150689
