step,split,ce,top1,cell_err_m,pose_nll,pose_err_m,n,sec,vce_m,vce_pose_m,fine_epe_px,fine_epe_in_px
1,train,7.7604,0.0013,13.71,7.5478,13.06,8281,6.1,7.784,7.319,nan,nan
2,train,7.2503,0.0065,18.45,6.9812,14.78,7029,6.8,15.483,15.406,nan,nan
3,train,8.2423,0.0002,20.59,8.0506,18.74,8578,7.6,18.079,17.841,nan,nan
4,train,6.7560,0.0058,12.36,6.7625,9.47,8284,8.3,12.577,12.413,nan,nan
5,train,7.5102,0.0007,26.36,7.3871,27.53,8741,9.1,17.446,17.361,nan,nan
6,train,7.1266,0.0006,16.21,6.9570,13.06,8384,9.8,14.385,14.287,nan,nan
7,train,7.4854,0.0002,23.14,7.4470,18.61,9075,10.6,17.869,17.853,nan,nan
8,train,8.6604,0.0003,49.35,8.2879,51.08,9777,11.3,34.036,34.025,nan,nan
9,train,7.2898,0.0005,27.89,7.2768,27.04,9632,12.1,16.879,16.861,nan,nan
10,train,7.5292,0.0001,20.82,7.4676,18.80,9603,12.8,19.468,19.422,nan,nan
11,train,6.5244,0.0021,14.36,6.3686,15.27,7572,13.6,8.203,8.121,nan,nan
12,train,7.0932,0.0001,17.94,7.1100,16.38,10669,14.3,16.824,16.661,nan,nan
13,train,7.0655,0.0008,18.65,6.9473,20.00,8892,15.1,14.466,13.393,nan,nan
14,train,6.9559,0.0000,18.86,6.5435,17.13,8037,15.8,15.899,15.793,nan,nan
15,train,7.0798,0.0001,15.00,6.9535,11.74,8377,16.5,14.606,14.392,nan,nan
16,train,6.6821,0.0014,13.24,6.4953,8.08,8596,17.3,12.817,12.694,nan,nan
17,train,6.8114,0.0003,13.62,6.8004,17.14,9255,18.0,11.719,11.586,nan,nan
18,train,6.9099,0.0001,16.38,6.7935,17.07,11588,18.8,13.430,13.371,nan,nan
19,train,7.1404,0.0000,14.93,7.0695,14.57,9476,19.5,14.703,14.630,nan,nan
20,train,6.8519,0.0004,15.21,6.8251,13.96,7782,20.3,11.882,11.836,nan,nan
21,train,6.5281,0.0003,14.97,6.3914,18.11,7967,21.0,12.185,12.160,nan,nan
22,train,6.8440,0.0000,19.03,6.7430,19.60,8489,21.8,17.331,17.282,nan,nan
23,train,6.3785,0.0004,11.45,6.2994,9.31,7069,22.5,8.910,8.760,nan,nan
24,train,7.6478,0.0001,23.24,7.6227,20.78,8848,23.3,22.030,21.989,nan,nan
25,train,6.8934,0.0001,20.09,6.8034,21.30,8512,24.0,18.738,18.691,nan,nan
26,train,6.1793,0.0069,13.86,5.8590,12.21,8968,24.7,10.150,10.051,nan,nan
27,train,5.8384,0.0055,10.78,5.7540,10.07,6892,25.5,9.229,9.095,nan,nan
28,train,6.0484,0.0008,10.48,5.7703,9.10,8419,26.2,9.461,9.322,nan,nan
29,train,6.8452,0.0007,15.83,6.7235,13.45,8543,27.0,13.980,13.831,nan,nan
30,train,7.9009,0.0001,20.33,7.9390,18.93,9875,27.7,20.766,20.669,nan,nan
31,train,6.5848,0.0005,19.76,6.3429,19.24,10227,28.5,17.373,17.307,nan,nan
32,train,6.9781,0.0001,17.09,6.9123,16.41,8521,29.2,16.337,16.288,nan,nan
33,train,5.9870,0.0025,8.95,5.9199,6.41,8726,30.0,6.732,6.230,nan,nan
34,train,6.7582,0.0000,16.03,6.7733,15.87,8722,30.7,15.324,15.251,nan,nan
35,train,6.1516,0.0003,11.56,5.9435,9.12,8951,31.5,8.654,8.437,nan,nan
36,train,6.4676,0.0001,17.42,6.3959,15.70,8956,32.2,15.862,15.728,nan,nan
37,train,6.1041,0.0054,12.91,5.9905,12.15,8263,33.0,12.088,11.962,nan,nan
38,train,6.5653,0.0007,16.30,6.7209,14.82,9755,33.7,14.755,14.520,nan,nan
39,train,6.9822,0.0001,18.63,6.8462,19.23,10078,34.5,17.329,17.281,nan,nan
40,train,6.6453,0.0002,16.75,6.5814,16.06,11767,35.2,15.374,15.263,nan,nan
41,train,6.4679,0.0004,16.39,6.3152,13.89,11317,36.0,13.942,13.879,nan,nan
42,train,6.7421,0.0007,17.54,6.6514,17.64,8126,36.7,15.401,15.323,nan,nan
43,train,6.7372,0.0001,16.04,6.5434,16.16,8386,37.5,16.662,16.644,nan,nan
44,train,6.5733,0.0007,15.43,6.3880,15.87,10154,38.2,15.557,15.491,nan,nan
45,train,6.4253,0.0000,18.23,6.1739,16.29,8472,38.9,15.899,15.892,nan,nan
46,train,6.9811,0.0014,18.75,6.8305,15.04,9203,39.7,17.911,17.876,nan,nan
47,train,5.8987,0.0051,9.95,5.7994,7.50,8620,40.4,8.545,8.491,nan,nan
48,train,7.3274,0.0000,18.07,7.1382,16.71,8126,41.2,18.705,18.649,nan,nan
49,train,6.0580,0.0009,13.62,5.8337,14.05,8714,41.9,10.942,10.888,nan,nan
50,train,7.0488,0.0001,20.14,6.8360,17.82,8670,42.7,19.091,19.005,nan,nan
51,train,5.8031,0.0135,9.04,5.4956,6.77,8466,43.4,3.745,3.545,nan,nan
52,train,6.9169,0.0002,15.63,6.7695,12.62,9390,44.2,15.624,15.569,nan,nan
53,train,5.4163,0.0124,6.67,5.1864,3.65,9683,44.9,5.413,4.795,nan,nan
54,train,6.3230,0.0003,12.87,6.0891,11.19,8678,45.7,13.203,13.052,nan,nan
55,train,6.5767,0.0000,14.90,6.4909,14.37,8253,46.4,14.559,14.511,nan,nan
56,train,6.0035,0.0010,11.53,5.8358,10.88,9682,47.2,9.303,9.230,nan,nan
57,train,6.7916,0.0001,18.40,6.6452,18.54,9376,47.9,16.090,16.060,nan,nan
58,train,5.6905,0.0066,10.07,5.4977,10.30,7678,48.6,7.756,7.725,nan,nan
59,train,6.9970,0.0002,17.51,6.7370,17.80,10009,49.4,16.515,16.465,nan,nan
60,train,6.4584,0.0001,15.92,6.3731,16.43,8242,50.1,14.104,14.038,nan,nan
61,train,6.7035,0.0000,21.55,6.4238,22.84,7971,50.9,18.159,18.095,nan,nan
62,train,5.5254,0.0008,10.72,5.2485,10.33,7814,51.6,7.334,7.257,nan,nan
63,train,6.5224,0.0007,16.11,6.4273,17.18,10516,52.4,15.256,15.218,nan,nan
64,train,6.2022,0.0114,15.48,6.1311,14.42,11869,53.1,13.820,13.769,nan,nan
65,train,6.3272,0.0039,14.17,5.9212,12.46,11338,53.9,13.175,13.141,nan,nan
66,train,6.3347,0.0005,15.31,6.1818,15.12,9933,54.6,15.099,15.086,nan,nan
67,train,7.3967,0.0000,20.58,7.2052,18.60,9662,55.4,20.028,20.020,nan,nan
68,train,7.0259,0.0002,18.90,6.8005,19.14,8525,56.1,17.916,17.885,nan,nan
69,train,6.3517,0.0006,11.46,6.1418,9.51,8454,56.9,10.847,10.800,nan,nan
70,train,7.1143,0.0002,19.36,7.1074,19.22,8479,57.6,18.399,18.378,nan,nan
71,train,7.2585,0.0000,19.72,7.0934,17.71,9510,58.4,19.862,19.858,nan,nan
72,train,6.3632,0.0007,14.41,6.2119,14.22,9728,59.1,13.402,13.384,nan,nan
73,train,6.1826,0.0013,15.84,6.0953,18.41,9980,59.9,13.160,13.134,nan,nan
74,train,6.4379,0.0006,16.45,6.2813,15.34,8036,60.6,16.613,16.539,nan,nan
75,train,6.5733,0.0002,15.17,6.3726,13.11,8372,61.4,13.687,13.669,nan,nan
76,train,6.2465,0.0000,18.32,6.0472,18.49,7454,62.1,14.160,14.123,nan,nan
77,train,6.1421,0.0036,15.33,6.0395,15.44,9013,62.8,13.962,13.953,nan,nan
78,train,6.7168,0.0007,14.65,6.7646,13.94,10517,63.6,15.060,15.011,nan,nan
79,train,5.8349,0.0018,10.85,5.7152,10.78,10796,64.3,6.180,6.166,nan,nan
80,train,5.3981,0.0442,8.87,5.1498,4.16,7595,65.1,4.557,4.469,nan,nan
81,train,6.1329,0.0001,11.72,6.0846,9.85,7890,65.8,12.546,12.511,nan,nan
82,train,5.6767,0.0093,9.68,5.6516,9.69,9241,66.6,7.919,7.887,nan,nan
83,train,6.8434,0.0033,18.52,6.7525,20.59,7800,67.3,16.361,16.322,nan,nan
84,train,6.0279,0.0002,14.94,5.8066,13.78,8457,68.1,12.913,12.903,nan,nan
85,train,7.0068,0.0000,21.30,6.7304,18.65,9386,68.8,19.595,19.552,nan,nan
86,train,5.6050,0.0128,8.80,5.5641,7.39,9975,69.6,5.954,5.938,nan,nan
87,train,6.0893,0.0024,13.12,5.8746,11.54,9116,70.3,12.169,12.150,nan,nan
88,train,7.1013,0.0001,18.03,7.0510,17.19,10191,71.1,18.255,18.246,nan,nan
89,train,6.0984,0.0077,13.77,5.9413,12.53,7698,71.8,12.994,12.912,nan,nan
90,train,7.2544,0.0004,18.86,7.2577,17.41,9787,72.6,17.370,17.360,nan,nan
91,train,6.2465,0.0002,16.99,6.1313,12.53,8245,73.3,13.698,13.695,nan,nan
92,train,6.8914,0.0020,20.12,6.6613,22.39,10803,74.0,16.480,16.473,nan,nan
93,train,6.1059,0.0024,12.61,6.0189,10.66,9644,74.8,10.820,10.735,nan,nan
94,train,5.8284,0.0012,12.75,5.6501,11.74,8410,75.5,8.407,8.377,nan,nan
95,train,6.1748,0.0003,16.76,5.9330,13.85,7360,76.3,13.995,13.964,nan,nan
96,train,6.7785,0.0000,17.91,6.7190,19.57,9847,77.0,16.347,16.341,nan,nan
97,train,7.1432,0.0001,22.82,6.8255,17.04,9061,77.8,19.344,19.275,nan,nan
98,train,5.6899,0.0056,10.56,5.4991,6.24,9119,78.5,8.982,8.913,nan,nan
99,train,5.9592,0.0056,14.86,5.6218,16.00,7824,79.3,11.442,11.425,nan,nan
100,train,6.5798,0.0000,18.43,6.6710,20.72,8551,80.0,15.995,15.990,nan,nan
101,train,6.5709,0.0000,15.73,6.4413,14.83,8441,80.8,16.038,16.023,nan,nan
102,train,6.5921,0.0007,20.75,6.4405,22.65,8011,81.5,18.138,18.119,nan,nan
103,train,6.2373,0.0000,13.91,6.1182,14.22,9017,82.3,13.036,13.011,nan,nan
104,train,6.7972,0.0000,19.75,6.5825,18.36,9040,83.0,18.214,18.213,nan,nan
105,train,6.6570,0.0002,19.17,6.6726,17.12,9553,83.7,17.161,17.093,nan,nan
106,train,6.0671,0.0025,15.42,5.8625,15.30,8253,84.5,12.119,11.986,nan,nan
107,train,6.6893,0.0057,17.63,6.4390,15.00,8813,85.2,14.496,14.270,nan,nan
108,train,5.9211,0.0005,13.81,5.6634,11.81,8286,86.0,10.628,10.614,nan,nan
109,train,5.7014,0.0024,10.00,5.5571,6.77,8443,86.7,8.255,8.186,nan,nan
110,train,5.8773,0.0030,9.88,5.6749,8.49,10843,87.5,8.229,8.216,nan,nan
111,train,5.6823,0.0024,11.07,5.4443,11.40,10254,88.2,9.269,9.267,nan,nan
112,train,7.2337,0.0106,19.35,6.7751,17.24,10345,89.0,16.464,16.435,nan,nan
113,train,5.8059,0.0078,12.07,5.4669,12.72,10115,89.7,8.050,7.933,nan,nan
114,train,5.9710,0.0007,15.01,5.9320,15.87,11037,90.5,12.614,12.517,nan,nan
115,train,7.3282,0.0000,23.02,7.2945,23.19,8949,91.2,20.995,20.992,nan,nan
116,train,5.9908,0.0032,12.38,5.6580,9.96,7249,92.0,9.377,9.335,nan,nan
117,train,5.8350,0.0015,12.72,5.6246,12.54,6890,92.7,11.658,11.627,nan,nan
118,train,5.8348,0.0001,12.06,5.7789,10.48,8488,93.5,9.113,9.099,nan,nan
119,train,6.5009,0.0004,14.15,6.4765,13.07,10136,94.2,13.324,13.264,nan,nan
120,train,6.5414,0.0000,20.76,6.3374,18.01,11591,95.0,17.669,17.646,nan,nan
121,train,6.2334,0.0445,11.76,5.9987,8.60,10148,95.7,9.541,9.537,nan,nan
122,train,6.3070,0.0005,17.47,6.2836,20.46,9375,96.5,13.894,13.844,nan,nan
123,train,7.2861,0.0002,20.85,7.2890,19.42,9481,97.2,19.313,19.294,nan,nan
124,train,6.2785,0.0003,13.13,6.2320,12.66,9259,98.0,11.825,11.755,nan,nan
125,train,6.9787,0.0000,21.13,6.7170,20.63,11839,98.7,19.309,19.295,nan,nan
126,train,6.4017,0.0020,14.16,6.4449,14.34,9135,99.4,11.052,11.017,nan,nan
127,train,6.2130,0.0005,11.95,6.2141,11.18,9446,100.2,11.955,11.925,nan,nan
128,train,7.3608,0.0001,19.84,7.1014,18.03,9276,100.9,18.107,18.073,nan,nan
129,train,6.2518,0.0001,16.02,6.1098,13.45,8163,101.7,14.062,14.018,nan,nan
130,train,5.7621,0.0007,10.98,5.6409,11.18,8757,102.4,7.711,7.698,nan,nan
131,train,6.0827,0.0006,14.19,5.9253,11.91,9493,103.2,11.119,11.044,nan,nan
132,train,5.4666,0.0124,8.96,5.1317,9.10,9822,103.9,5.549,5.540,nan,nan
133,train,5.9100,0.0032,14.08,5.5319,9.31,10482,104.7,11.754,11.742,nan,nan
134,train,6.1942,0.0997,11.86,5.7488,8.06,10369,105.4,10.621,10.603,nan,nan
135,train,6.1332,0.0375,12.70,5.9185,13.64,7994,106.2,12.356,12.327,nan,nan
136,train,6.3773,0.0009,15.71,6.1686,13.46,10118,106.9,14.473,14.442,nan,nan
137,train,6.1407,0.0093,12.79,5.9567,12.73,8863,107.7,9.813,9.762,nan,nan
138,train,6.4168,0.0000,15.86,6.1540,13.00,8691,108.4,15.563,15.561,nan,nan
139,train,6.5774,0.0001,18.39,6.1963,17.49,9962,109.2,17.548,17.532,nan,nan
140,train,7.9075,0.0000,31.63,7.6106,32.89,7929,109.9,28.865,28.857,nan,nan
141,train,6.2697,0.0008,15.80,6.1429,14.28,7907,110.7,12.911,12.893,nan,nan
142,train,6.5751,0.0001,18.72,6.3154,18.71,8760,111.4,17.944,17.933,nan,nan
143,train,7.3588,0.0005,18.19,7.2712,16.91,8661,112.1,18.155,18.128,nan,nan
144,train,6.3532,0.0008,14.22,6.2818,15.65,7929,112.9,12.531,12.528,nan,nan
145,train,6.2082,0.0010,13.95,6.2153,11.54,9082,113.6,12.287,12.272,nan,nan
146,train,6.2499,0.0006,12.20,6.1719,10.44,8025,114.4,11.545,11.545,nan,nan
147,train,5.4679,0.0195,10.53,5.2771,11.18,8258,115.1,9.848,9.843,nan,nan
148,train,5.3879,0.0079,6.57,5.3004,4.47,10680,115.9,4.805,4.777,nan,nan
149,train,7.2370,0.0000,22.09,7.1129,22.66,9269,116.6,23.006,23.006,nan,nan
150,train,6.4001,0.0055,14.02,6.3033,11.49,8712,117.4,12.331,12.313,nan,nan
151,train,5.9602,0.0039,12.91,5.7548,13.35,9291,118.1,12.446,12.428,nan,nan
152,train,6.8998,0.0005,15.15,6.8314,13.70,8100,118.9,15.208,15.179,nan,nan
153,train,6.2169,0.0019,13.14,6.1183,10.31,8780,119.6,10.221,10.210,nan,nan
154,train,6.0296,0.0014,11.26,5.9097,10.10,7710,120.4,9.155,9.123,nan,nan
155,train,6.2486,0.0026,11.68,6.3379,11.31,10006,121.1,9.384,9.307,nan,nan
156,train,6.2123,0.0006,13.95,6.1072,12.31,7753,121.9,10.981,10.966,nan,nan
157,train,5.7583,0.0061,9.35,5.5577,7.24,8239,122.6,3.342,3.147,nan,nan
158,train,6.1507,0.0004,14.21,5.9567,12.19,8508,123.4,11.600,11.598,nan,nan
159,train,6.4793,0.0098,15.15,5.9654,12.60,9200,124.1,13.452,13.433,nan,nan
160,train,5.9242,0.0043,12.30,5.7934,12.66,11207,124.8,9.753,9.733,nan,nan
161,train,5.9538,0.0004,15.36,5.8540,17.49,8456,125.6,12.087,12.080,nan,nan
162,train,6.1382,0.0007,14.36,6.0543,14.77,9223,126.3,10.201,10.160,nan,nan
163,train,6.3790,0.0011,13.62,6.3607,14.37,11407,127.1,14.211,14.188,nan,nan
164,train,6.1919,0.0004,14.20,5.8464,13.90,8248,127.8,10.908,10.900,nan,nan
165,train,7.4440,0.0001,21.99,7.2567,21.25,8071,128.6,21.382,21.377,nan,nan
166,train,6.3283,0.0004,14.66,6.2873,11.74,10713,129.3,12.855,12.833,nan,nan
167,train,6.4585,0.0007,16.95,6.2532,18.31,7139,130.1,14.825,14.801,nan,nan
168,train,6.1928,0.0001,14.44,6.1868,12.83,7035,130.8,13.002,12.890,nan,nan
169,train,5.6342,0.0046,13.03,5.3277,16.28,11785,131.6,10.452,10.398,nan,nan
170,train,6.3297,0.0019,13.23,6.0918,13.29,8724,132.3,13.666,13.643,nan,nan
171,train,6.3437,0.0015,13.38,6.1346,12.28,8004,133.1,10.472,10.356,nan,nan
172,train,7.5184,0.0000,18.06,7.4430,18.25,9583,133.8,20.517,20.453,nan,nan
173,train,6.2403,0.0072,14.88,5.8335,13.01,9183,134.6,11.573,11.536,nan,nan
174,train,6.6152,0.0006,13.86,6.4943,13.21,7932,135.3,14.282,14.281,nan,nan
175,train,5.8267,0.0058,10.76,5.6084,10.21,8113,136.1,10.353,10.325,nan,nan
176,train,6.4436,0.0001,17.57,6.0992,14.13,7844,136.8,15.151,15.110,nan,nan
177,train,5.9064,0.0015,12.27,5.7157,12.06,9725,137.6,10.396,10.373,nan,nan
178,train,5.9622,0.0029,12.25,5.8804,12.05,9667,138.3,12.841,12.736,nan,nan
179,train,5.1277,0.0509,7.14,4.7327,4.24,8225,139.1,4.936,4.914,nan,nan
180,train,6.3732,0.0005,12.06,6.3417,12.83,8145,139.8,12.929,12.911,nan,nan
181,train,5.7693,0.0017,10.54,5.7573,10.57,9658,140.5,8.189,8.072,nan,nan
182,train,6.1626,0.0000,13.72,5.8698,14.04,7343,141.3,13.498,13.491,nan,nan
183,train,6.0617,0.0158,10.36,5.9647,10.44,7858,142.0,10.849,10.823,nan,nan
184,train,7.1998,0.0002,17.55,7.0125,13.98,8179,142.8,18.208,18.194,nan,nan
185,train,6.7995,0.0000,16.79,6.8822,16.32,10660,143.5,14.403,14.383,nan,nan
186,train,6.3189,0.0002,14.57,6.0845,13.07,8082,144.3,12.599,12.599,nan,nan
187,train,5.7308,0.0009,10.87,5.6781,11.41,10446,145.0,6.647,6.624,nan,nan
188,train,6.9538,0.0000,21.48,6.6110,20.97,9976,145.8,18.494,18.487,nan,nan
189,train,7.7120,0.0002,19.90,7.3251,14.90,9410,146.5,19.331,19.330,nan,nan
190,train,5.6084,0.0096,12.20,5.4528,11.76,8453,147.3,10.174,10.168,nan,nan
191,train,6.3763,0.0002,16.31,6.1280,17.14,9030,148.0,15.550,15.513,nan,nan
192,train,5.4347,0.0066,8.98,5.2524,10.89,11017,148.8,6.140,5.887,nan,nan
193,train,6.8676,0.0010,21.07,6.6591,24.61,9461,149.5,18.841,18.831,nan,nan
194,train,5.7537,0.0125,11.70,5.6036,10.16,9155,150.3,8.874,8.863,nan,nan
195,train,6.2470,0.0006,11.92,6.1973,13.94,8840,151.0,10.238,10.095,nan,nan
196,train,6.6726,0.0272,17.22,6.1608,13.04,10334,151.8,13.988,13.904,nan,nan
197,train,5.6313,0.0098,11.51,5.4493,9.49,8630,152.5,6.771,6.766,nan,nan
198,train,5.6093,0.0080,9.69,5.3823,9.31,7598,153.2,8.226,8.194,nan,nan
199,train,5.3789,0.0080,8.58,5.4150,8.83,9511,154.0,7.073,7.071,nan,nan
200,train,6.1422,0.0062,15.25,5.9379,13.64,7941,154.7,12.969,12.928,nan,nan
201,train,6.3388,0.0024,15.25,6.2200,12.46,9633,155.5,15.865,15.833,nan,nan
202,train,6.0167,0.0086,12.06,5.8210,11.62,10270,156.2,8.837,8.832,nan,nan
203,train,6.3532,0.0631,16.92,6.2187,12.66,9335,157.0,16.621,16.588,nan,nan
204,train,5.4917,0.0024,7.94,5.3338,6.36,8583,157.7,6.933,6.874,nan,nan
205,train,6.6308,0.0041,15.69,6.2497,9.06,8496,158.5,14.014,14.013,nan,nan
206,train,6.0376,0.0040,11.98,5.8169,10.05,7956,159.2,11.013,11.000,nan,nan
207,train,5.1409,0.0393,7.26,4.9898,3.00,8375,160.0,5.032,4.985,nan,nan
208,train,5.4166,0.0103,6.67,5.3399,6.12,10346,160.7,4.792,4.717,nan,nan
209,train,6.3407,0.0003,13.68,6.1784,13.06,7333,161.5,12.433,12.406,nan,nan
210,train,6.3968,0.0000,21.71,6.2135,22.26,9090,162.2,18.289,18.288,nan,nan
211,train,5.8953,0.0097,11.78,5.6660,11.42,7748,163.0,10.730,10.709,nan,nan
212,train,5.7458,0.0013,11.69,5.6099,10.10,10045,163.7,9.819,9.783,nan,nan
213,train,6.3654,0.0013,17.00,6.1628,12.55,9187,164.5,14.023,14.021,nan,nan
214,train,6.7711,0.0003,17.36,6.5245,15.54,7852,165.2,15.737,15.729,nan,nan
215,train,5.7683,0.0018,11.26,5.4519,11.00,7386,165.9,8.924,8.906,nan,nan
216,train,5.7060,0.0025,9.96,5.3872,9.22,8694,166.7,6.412,6.348,nan,nan
217,train,5.8934,0.0081,13.90,5.5315,10.06,8941,167.4,13.079,13.076,nan,nan
218,train,7.3929,0.0001,26.11,7.1361,22.17,11901,168.2,23.637,23.625,nan,nan
219,train,5.7094,0.0005,11.29,5.4715,12.07,9332,168.9,7.425,7.423,nan,nan
220,train,6.1075,0.0001,15.00,5.9701,14.00,11215,169.7,12.561,12.545,nan,nan
221,train,6.2251,0.0068,16.21,5.9654,14.45,9375,170.4,13.768,13.764,nan,nan
222,train,5.8712,0.0010,13.90,5.6576,17.03,7289,171.2,11.911,11.899,nan,nan
223,train,6.6002,0.0005,15.12,6.4370,15.49,8698,171.9,14.239,14.226,nan,nan
224,train,5.4960,0.0245,10.81,5.2433,12.79,9186,172.7,8.218,8.196,nan,nan
225,train,5.5977,0.0026,10.98,5.4138,10.44,10815,173.4,9.088,9.086,nan,nan
226,train,5.6829,0.0039,8.50,5.4121,4.24,11008,174.2,8.127,8.090,nan,nan
227,train,6.1911,0.0001,13.68,5.9748,12.81,7504,174.9,13.065,13.048,nan,nan
228,train,5.9450,0.0391,12.75,5.5625,10.06,9473,175.7,10.749,10.540,nan,nan
229,train,6.2305,0.0001,17.07,6.0336,17.12,8412,176.4,15.005,15.003,nan,nan
230,train,6.2723,0.0018,15.45,6.1045,9.85,8208,177.2,15.343,15.313,nan,nan
231,train,6.3723,0.0037,12.84,6.2664,12.26,8288,177.9,12.303,12.293,nan,nan
232,train,6.8283,0.0040,19.27,6.7737,19.44,7582,178.7,15.049,15.026,nan,nan
233,train,5.9044,0.0044,11.46,5.8207,6.80,8909,179.4,8.576,8.488,nan,nan
234,train,5.7115,0.0011,10.50,5.3994,9.78,8317,180.2,6.239,6.227,nan,nan
235,train,6.2698,0.0274,13.80,6.0425,9.22,8319,180.9,13.213,13.207,nan,nan
236,train,6.1794,0.0002,15.48,6.1079,15.67,9733,181.7,12.269,12.242,nan,nan
237,train,5.6811,0.0144,13.65,5.3155,10.78,8107,182.4,11.141,11.131,nan,nan
238,train,5.8488,0.0237,13.24,5.6013,17.81,10192,183.2,12.586,12.586,nan,nan
239,train,6.6831,0.0007,16.73,6.7514,13.60,8322,183.9,16.086,16.074,nan,nan
240,train,6.2627,0.0018,12.46,6.3299,9.57,9674,184.6,8.152,7.970,nan,nan
241,train,6.3601,0.0003,21.14,6.2532,22.26,10754,185.4,15.442,15.438,nan,nan
242,train,6.4213,0.0005,19.18,6.1688,16.34,8323,186.2,18.468,18.443,nan,nan
243,train,5.3452,0.0410,8.03,5.0419,8.83,8192,186.9,5.681,5.626,nan,nan
244,train,6.1770,0.0011,12.47,5.8136,8.91,8916,187.6,8.976,8.947,nan,nan
245,train,6.4767,0.0001,14.37,6.3909,14.33,7933,188.4,15.752,15.749,nan,nan
246,train,5.9321,0.0010,15.30,5.7123,15.54,8076,189.1,13.204,13.177,nan,nan
247,train,5.7231,0.0186,8.66,5.5496,6.12,9708,189.9,4.833,4.799,nan,nan
248,train,6.5753,0.0015,15.03,6.3498,9.12,9504,190.6,16.159,16.156,nan,nan
249,train,6.0788,0.0005,14.03,5.9556,10.88,9573,191.4,10.104,10.088,nan,nan
250,train,5.3702,0.0122,8.51,5.1281,8.12,9539,192.1,5.912,5.892,nan,nan
251,train,6.7758,0.0001,22.36,6.5792,21.45,7469,192.9,18.078,18.043,nan,nan
252,train,6.8329,0.0000,24.66,6.7367,21.06,10717,193.6,19.504,19.472,nan,nan
253,train,6.0414,0.0001,13.50,5.9608,10.00,8360,194.4,10.583,10.540,nan,nan
254,train,7.6714,0.0001,30.05,7.6062,30.35,10997,195.1,26.909,26.896,nan,nan
255,train,5.9857,0.0007,13.42,5.8072,14.04,8608,195.9,11.531,11.376,nan,nan
256,train,6.1546,0.0001,15.48,6.1181,8.10,8531,196.6,15.506,15.495,nan,nan
257,train,5.3853,0.0108,10.39,5.2941,7.00,10097,197.4,10.704,10.687,nan,nan
258,train,6.4407,0.0009,16.05,6.1609,15.88,9606,198.1,15.600,15.596,nan,nan
259,train,5.9953,0.0022,13.97,5.6760,16.43,8232,198.9,9.907,9.899,nan,nan
260,train,5.9601,0.0020,9.87,5.8925,8.25,10553,199.6,6.646,6.592,nan,nan
261,train,6.5256,0.0039,17.91,6.1897,19.24,9523,200.4,15.624,15.621,nan,nan
262,train,5.3817,0.0248,8.75,5.2196,4.61,8053,201.1,6.553,6.551,nan,nan
263,train,6.3385,0.0009,17.97,6.3428,17.07,12287,201.9,15.199,15.172,nan,nan
264,train,5.4911,0.0139,8.41,5.3120,7.34,9002,202.6,6.342,6.337,nan,nan
265,train,7.3913,0.0001,24.59,7.1696,25.13,7867,203.4,22.002,21.966,nan,nan
266,train,6.1234,0.0013,13.95,6.0772,15.20,11257,204.1,11.187,11.156,nan,nan
267,train,6.0029,0.0091,9.34,5.9140,5.16,10921,204.9,5.756,5.727,nan,nan
268,train,6.8243,0.0000,19.25,6.5526,14.38,10125,205.6,12.319,12.094,nan,nan
269,train,5.6206,0.0218,7.23,5.5228,5.16,9146,206.4,3.787,3.761,nan,nan
270,train,6.2446,0.0004,14.79,5.9763,12.65,10489,207.1,9.679,9.675,nan,nan
271,train,7.6614,0.0001,20.89,6.4610,18.88,8329,207.9,23.176,23.110,nan,nan
272,train,6.9721,0.0011,15.73,5.7167,16.27,9180,208.6,13.443,13.379,nan,nan
273,train,7.3462,0.0458,18.43,6.3968,13.04,10682,209.4,13.681,13.524,nan,nan
274,train,27.0436,0.0000,31.06,12.3912,23.41,8038,210.1,15.404,15.368,nan,nan
275,train,27.5822,0.0005,36.29,8.3740,21.58,8869,210.9,21.678,21.620,nan,nan
276,train,23.4056,0.0000,32.10,9.6210,32.74,9646,211.6,25.407,25.319,nan,nan
277,train,7.0399,0.0001,17.47,7.2415,15.32,7687,212.4,14.399,14.383,nan,nan
278,train,5.6179,0.0043,12.96,5.4590,13.99,8402,213.1,8.916,8.896,nan,nan
279,train,6.2796,0.0038,14.01,6.4348,11.44,8166,213.9,13.854,13.790,nan,nan
280,train,5.9080,0.0007,12.45,5.5407,12.30,10042,214.6,10.579,10.574,nan,nan
281,train,5.6078,0.0075,9.33,5.3519,7.50,9081,215.4,7.740,7.714,nan,nan
282,train,6.6639,0.0005,17.83,6.7356,19.73,7821,216.1,17.663,17.660,nan,nan
283,train,6.4815,0.0006,14.73,6.2606,11.47,9543,216.9,14.501,14.480,nan,nan
284,train,5.7061,0.0009,13.10,5.5705,13.06,7529,217.6,12.448,12.446,nan,nan
285,train,5.7483,0.0014,13.21,5.6001,13.15,9466,218.3,13.372,13.325,nan,nan
286,train,5.9207,0.0013,14.90,5.7179,14.88,8311,219.1,11.025,10.983,nan,nan
287,train,5.7154,0.0898,7.76,5.5303,6.10,9303,219.8,5.241,4.359,nan,nan
288,train,6.2386,0.0008,13.68,6.0735,12.91,8679,220.6,10.797,10.792,nan,nan
289,train,6.2022,0.0042,13.21,5.7660,12.26,8628,221.3,12.856,12.793,nan,nan
290,train,6.2285,0.0005,14.01,6.0845,12.19,9194,222.1,11.442,11.437,nan,nan
291,train,7.2444,0.0005,21.77,6.8741,24.31,7576,222.8,19.731,19.724,nan,nan
292,train,7.0535,0.0001,20.09,6.9112,20.19,11389,223.6,15.168,15.111,nan,nan
293,train,6.6279,0.0003,14.89,6.4757,14.43,9132,224.3,13.101,13.100,nan,nan
294,train,6.6588,0.0001,21.81,6.1396,19.70,9353,225.1,18.290,18.256,nan,nan
295,train,6.9195,0.0002,18.42,6.7592,16.34,8119,225.8,13.564,13.540,nan,nan
296,train,5.7948,0.0012,11.98,5.6798,9.83,9357,226.6,8.894,8.857,nan,nan
297,train,5.9907,0.0033,12.76,5.7872,10.84,7642,227.3,9.147,9.086,nan,nan
298,train,6.3229,0.0001,17.59,6.1780,14.93,9196,228.1,15.060,15.059,nan,nan
299,train,7.1370,0.0001,26.72,6.6964,27.18,8526,228.8,21.622,21.614,nan,nan
300,train,6.5353,0.0006,16.96,6.1931,14.05,11118,229.6,13.530,13.503,nan,nan
301,train,5.4656,0.0094,9.17,5.2987,9.93,10329,230.3,5.513,5.461,nan,nan
302,train,6.3143,0.0009,17.33,6.0355,15.87,9530,231.1,15.422,15.399,nan,nan
303,train,6.9026,0.0002,22.33,6.7357,20.04,10082,231.8,19.713,19.709,nan,nan
304,train,5.3951,0.0059,9.55,5.1691,10.12,8362,232.6,7.244,7.204,nan,nan
305,train,6.5499,0.0004,17.08,6.4584,18.37,8274,233.3,17.019,17.013,nan,nan
306,train,6.0735,0.0039,10.47,6.0322,9.10,10383,234.1,9.544,9.448,nan,nan
307,train,5.6717,0.0096,10.92,5.6081,10.37,10045,234.8,12.259,12.239,nan,nan
308,train,6.9381,0.0000,20.63,6.8306,21.54,10498,235.6,20.597,20.556,nan,nan
309,train,6.9659,0.0002,18.60,6.7270,17.11,8799,236.3,19.212,19.151,nan,nan
310,train,5.5534,0.0013,10.51,5.6005,10.23,9215,237.0,8.219,8.151,nan,nan
311,train,5.9286,0.0014,12.76,5.6506,10.85,7680,237.8,13.485,13.478,nan,nan
312,train,6.5951,0.0004,18.05,6.4664,13.89,8565,238.5,16.275,16.256,nan,nan
313,train,6.0923,0.0005,17.92,6.0014,20.64,10053,239.3,17.343,17.341,nan,nan
314,train,6.4928,0.0002,16.40,6.3098,16.95,9029,240.0,14.942,14.901,nan,nan
315,train,5.7535,0.0013,12.79,5.4559,13.72,10130,240.8,10.149,10.148,nan,nan
316,train,6.5657,0.0003,11.84,6.3491,12.17,7086,241.5,12.273,12.155,nan,nan
317,train,5.2340,0.0137,7.91,5.0024,7.25,7233,242.3,5.594,5.481,nan,nan
318,train,6.1329,0.0021,12.39,5.8009,10.84,9520,243.0,10.821,10.565,nan,nan
319,train,6.6581,0.0001,15.09,6.6006,14.71,7649,243.8,13.082,13.024,nan,nan
320,train,7.1837,0.0001,19.68,6.8936,19.69,8127,244.5,18.740,18.707,nan,nan
321,train,5.8018,0.0025,12.05,5.3090,12.18,7607,245.3,8.701,8.642,nan,nan
322,train,6.3033,0.0018,12.31,6.2479,11.33,12528,246.0,11.510,11.413,nan,nan
323,train,6.8206,0.0003,18.46,6.4343,18.46,7595,246.8,17.704,17.670,nan,nan
324,train,6.6134,0.0001,14.80,6.3415,13.07,8801,247.5,14.887,14.878,nan,nan
325,train,6.3350,0.0004,16.67,6.1388,16.52,10640,248.3,14.283,14.248,nan,nan
326,train,6.6397,0.0006,18.31,6.3236,16.66,9663,249.0,15.392,15.387,nan,nan
327,train,7.4048,0.0000,20.24,7.1560,17.84,10263,249.8,19.824,19.798,nan,nan
328,train,5.8871,0.0015,11.66,5.7096,12.16,10649,250.5,10.318,10.282,nan,nan
329,train,5.4910,0.0079,10.91,5.1813,4.16,9527,251.3,8.910,8.879,nan,nan
330,train,5.9405,0.0010,12.84,5.7307,11.41,7727,252.0,9.769,9.670,nan,nan
331,train,6.8037,0.0004,18.40,6.6055,18.43,10073,252.8,17.754,17.751,nan,nan
332,train,6.7622,0.0001,19.04,6.3670,19.00,8443,253.5,17.510,17.505,nan,nan
333,train,6.2309,0.0276,14.98,5.9577,14.30,9260,254.3,13.273,13.263,nan,nan
334,train,5.7980,0.0048,14.93,5.5500,14.31,8153,255.0,12.951,12.817,nan,nan
335,train,5.4957,0.0000,8.63,5.0609,6.71,9571,255.7,5.578,5.530,nan,nan
336,train,5.7585,0.0156,13.15,5.3925,11.30,8465,256.5,10.110,10.103,nan,nan
337,train,6.5163,0.0000,18.80,6.0255,18.39,8854,257.2,15.562,15.554,nan,nan
338,train,5.8673,0.0006,12.39,5.7441,12.21,7763,258.0,11.265,11.165,nan,nan
339,train,6.6429,0.0042,14.90,6.6947,14.81,9437,258.7,15.217,15.211,nan,nan
340,train,5.7546,0.0026,10.37,5.4143,12.00,9906,259.5,10.745,10.619,nan,nan
341,train,5.7713,0.0029,10.92,5.4696,9.69,7992,260.2,8.972,8.959,nan,nan
342,train,6.2124,0.0074,16.04,5.9508,16.29,8726,261.0,14.281,14.279,nan,nan
343,train,5.6482,0.0108,11.51,5.5787,9.25,12544,261.7,11.671,11.628,nan,nan
344,train,5.9032,0.0008,13.13,5.5047,8.49,9046,262.5,11.358,11.355,nan,nan
345,train,6.2342,0.0007,11.79,6.1143,9.47,7417,263.2,12.211,12.199,nan,nan
346,train,6.0670,0.0010,12.05,5.8732,11.08,9831,264.0,11.667,11.662,nan,nan
347,train,5.5183,0.0152,10.33,5.3255,12.37,9745,264.7,8.318,8.287,nan,nan
348,train,5.8844,0.0018,15.12,5.6185,15.00,10001,265.5,13.598,13.597,nan,nan
349,train,5.5591,0.0191,9.29,5.1376,8.32,9355,266.2,7.707,7.682,nan,nan
350,train,6.8257,0.0003,17.69,6.6735,14.32,9458,267.0,16.472,16.447,nan,nan
351,train,5.5871,0.0008,7.20,5.4966,5.40,8362,267.7,7.963,7.956,nan,nan
352,train,5.8633,0.0001,13.45,5.5354,12.21,8718,268.5,11.198,11.166,nan,nan
353,train,6.5605,0.0000,14.85,6.5571,13.54,7936,269.2,13.694,13.681,nan,nan
354,train,6.4528,0.0000,15.69,6.3372,15.70,9940,270.0,16.033,16.030,nan,nan
355,train,5.8992,0.0061,12.70,5.6508,13.89,8080,270.7,10.185,10.162,nan,nan
356,train,5.2843,0.0241,7.36,4.8134,2.00,8385,271.4,6.617,6.602,nan,nan
357,train,6.3785,0.0001,15.58,6.2618,16.20,7914,272.2,13.527,13.511,nan,nan
358,train,6.3170,0.0009,14.16,6.1501,11.18,7690,272.9,12.331,12.319,nan,nan
359,train,6.5840,0.0080,14.64,6.4162,14.42,9371,273.7,12.875,12.865,nan,nan
360,train,6.0840,0.0004,16.68,5.7531,18.36,7105,274.4,13.818,13.798,nan,nan
361,train,5.7356,0.0051,10.68,5.5939,10.12,8942,275.2,8.883,8.873,nan,nan
362,train,6.0341,0.0006,14.33,5.6609,15.07,8301,275.9,12.426,12.420,nan,nan
363,train,5.8320,0.0014,13.95,5.5845,14.12,7748,276.7,12.503,12.471,nan,nan
364,train,6.0889,0.0002,13.76,5.9198,14.15,12123,277.4,11.523,11.516,nan,nan
365,train,5.4676,0.0126,9.38,5.2276,6.10,7615,278.2,8.313,8.187,nan,nan
366,train,6.3752,0.0005,17.35,6.0048,13.69,8016,278.9,15.525,15.522,nan,nan
367,train,6.4854,0.0005,13.19,6.3821,13.25,7927,279.7,11.477,11.472,nan,nan
368,train,5.5807,0.0051,11.72,5.3647,10.05,7906,280.4,7.244,7.226,nan,nan
369,train,6.0821,0.0001,16.01,5.8402,16.29,10048,281.2,11.299,11.271,nan,nan
370,train,5.6992,0.0098,10.62,5.3032,7.74,8027,281.9,9.998,9.992,nan,nan
371,train,5.6865,0.0084,10.17,5.5364,7.83,8358,282.7,12.456,12.384,nan,nan
372,train,6.5684,0.0000,22.30,6.1745,22.67,9203,283.4,20.206,20.187,nan,nan
373,train,6.1022,0.0087,17.76,5.8394,19.77,7584,284.1,13.037,13.030,nan,nan
374,train,6.3130,0.0002,21.29,6.0523,25.86,9934,284.9,18.314,18.311,nan,nan
375,train,6.4993,0.0019,13.59,6.4542,11.43,8044,285.6,12.694,12.683,nan,nan
376,train,6.4600,0.0001,19.96,6.3037,22.00,7546,286.4,16.427,16.417,nan,nan
377,train,5.9209,0.0012,12.02,5.7686,13.36,7444,287.1,7.783,7.770,nan,nan
378,train,6.0891,0.0068,11.65,5.9241,10.30,7844,287.9,11.581,11.508,nan,nan
379,train,5.4082,0.1205,9.71,5.2373,7.28,7919,288.6,9.470,9.423,nan,nan
380,train,6.7279,0.0011,18.02,6.7408,18.40,10332,289.4,15.838,15.826,nan,nan
381,train,6.0592,0.0012,14.99,5.9454,13.83,10556,290.1,11.669,11.624,nan,nan
382,train,5.9643,0.0003,16.70,5.8718,19.83,9680,290.9,12.555,12.529,nan,nan
383,train,6.1485,0.0036,17.73,5.7973,17.01,8674,291.6,10.289,10.215,nan,nan
384,train,5.7903,0.0090,10.09,5.1903,6.32,9582,292.4,9.504,9.477,nan,nan
385,train,6.7603,0.0002,26.06,6.7656,29.86,8787,293.1,20.024,20.008,nan,nan
386,train,5.9705,0.0002,14.32,5.8725,11.49,8433,293.9,9.391,9.386,nan,nan
387,train,6.0164,0.0004,18.00,5.9163,16.29,8343,294.6,13.075,13.069,nan,nan
388,train,5.4250,0.0398,9.14,5.2265,2.41,8472,295.4,11.249,11.218,nan,nan
389,train,6.9951,0.0011,16.63,6.8652,15.64,8132,296.1,16.957,16.908,nan,nan
390,train,6.5537,0.0005,18.44,6.2786,18.00,8182,296.8,14.998,14.972,nan,nan
391,train,5.9603,0.0004,13.90,5.7625,11.47,10334,297.6,10.045,9.965,nan,nan
392,train,5.8091,0.0051,18.67,5.7332,21.34,7902,298.3,13.753,13.748,nan,nan
393,train,6.0598,0.0020,17.29,5.7063,18.99,8876,299.1,12.662,12.637,nan,nan
394,train,6.1366,0.0006,15.16,5.6327,13.60,8161,299.8,13.659,13.577,nan,nan
395,train,5.8020,0.0015,16.35,5.7895,14.40,8223,300.6,12.195,12.179,nan,nan
396,train,5.4498,0.0059,10.25,5.3879,11.29,10341,301.3,8.797,8.785,nan,nan
397,train,6.0992,0.0009,19.84,5.8407,16.84,6837,302.1,16.244,16.234,nan,nan
398,train,5.7475,0.0138,15.83,5.4960,14.40,8124,302.8,12.810,12.781,nan,nan
399,train,5.3372,0.0079,11.70,5.1446,11.08,8957,303.6,4.482,4.332,nan,nan
400,train,5.7623,0.0033,12.62,5.4535,14.17,7860,304.3,12.227,12.226,nan,nan
401,train,5.9057,0.0044,18.76,5.8177,21.26,7105,305.1,14.104,14.086,nan,nan
402,train,5.5516,0.0096,9.51,5.2390,4.41,9106,305.8,7.578,7.570,nan,nan
403,train,5.7559,0.0029,17.31,5.6937,15.29,7867,306.6,13.578,13.553,nan,nan
404,train,5.5940,0.0149,13.41,5.0856,10.06,8065,307.3,12.782,12.766,nan,nan
405,train,6.0987,0.0008,18.77,5.8958,19.00,7787,308.1,15.634,15.625,nan,nan
406,train,5.4287,0.0097,8.77,5.1089,3.65,9915,308.8,8.658,8.612,nan,nan
407,train,6.9404,0.0018,19.63,6.8627,20.85,10089,309.6,19.044,19.015,nan,nan
408,train,7.1887,0.0031,23.18,6.6529,20.30,9575,310.3,15.910,15.909,nan,nan
409,train,5.8532,0.0121,9.09,5.4119,3.41,9117,311.0,8.317,8.314,nan,nan
410,train,5.4516,0.0680,8.66,5.0714,6.00,7851,311.8,7.217,7.198,nan,nan
411,train,6.5653,0.0000,21.84,6.2742,21.59,8357,312.5,19.335,19.326,nan,nan
412,train,6.9720,0.0008,18.90,6.6955,18.64,12499,313.3,19.017,18.997,nan,nan
413,train,6.9367,0.0004,19.30,6.6980,15.87,7650,314.0,17.983,17.973,nan,nan
414,train,5.4521,0.0160,8.68,5.3785,8.99,8261,314.8,7.134,7.128,nan,nan
415,train,5.8711,0.0056,14.16,5.7664,17.04,7539,315.5,11.995,11.992,nan,nan
416,train,6.3197,0.0004,23.92,6.2902,26.06,9248,316.3,16.687,16.664,nan,nan
417,train,5.9395,0.0022,12.82,5.8806,16.27,10188,317.0,11.706,11.704,nan,nan
418,train,6.3072,0.0002,18.12,6.0369,17.50,8626,317.8,16.253,16.234,nan,nan
419,train,6.0834,0.0029,16.72,5.7722,13.60,8510,318.5,12.729,12.704,nan,nan
420,train,6.4969,0.0001,20.06,6.2133,21.11,9559,319.3,17.687,17.684,nan,nan
421,train,5.9761,0.0215,18.16,5.5289,16.20,8031,320.0,15.007,14.935,nan,nan
422,train,6.2809,0.0010,14.01,6.2370,10.63,7755,320.8,11.309,11.260,nan,nan
423,train,6.0278,0.0003,17.08,5.9251,19.02,9189,321.5,12.386,12.384,nan,nan
424,train,6.2947,0.0015,15.51,5.8709,13.40,9354,322.3,12.794,12.771,nan,nan
425,train,5.8312,0.0007,15.14,5.7170,18.43,9714,323.0,7.118,7.081,nan,nan
426,train,6.3185,0.0054,20.64,5.8774,26.04,8329,323.8,17.250,17.229,nan,nan
427,train,5.7638,0.0013,12.74,5.6792,12.41,7532,324.5,7.748,7.726,nan,nan
428,train,5.8826,0.0021,14.68,5.8114,15.24,9043,325.3,8.977,8.825,nan,nan
429,train,5.8737,0.0041,11.59,5.6582,12.79,8057,326.0,8.703,8.693,nan,nan
430,train,6.4661,0.0003,18.36,6.1103,14.90,9243,326.8,16.261,16.225,nan,nan
431,train,6.3673,0.0001,19.06,6.3357,22.58,8558,327.5,15.419,15.419,nan,nan
432,train,6.1613,0.0050,23.09,5.7875,25.46,7813,328.2,16.429,16.418,nan,nan
433,train,5.8658,0.0570,13.29,5.6216,5.47,8020,329.0,16.031,15.990,nan,nan
434,train,6.1424,0.0003,15.24,6.1244,16.62,8939,329.7,9.846,9.806,nan,nan
435,train,5.5981,0.0080,12.81,5.3395,14.05,8898,330.5,9.661,9.620,nan,nan
436,train,6.7062,0.0001,20.70,6.6414,20.25,7697,331.2,16.578,16.553,nan,nan
437,train,5.5919,0.0254,8.97,5.3955,10.49,7785,332.0,10.224,10.169,nan,nan
438,train,6.4329,0.0011,16.28,6.4746,16.29,9687,332.7,15.570,15.568,nan,nan
439,train,6.7897,0.0011,18.74,6.4494,15.64,10221,333.5,13.405,13.380,nan,nan
440,train,5.1578,0.1181,7.39,4.5517,8.00,8447,334.2,6.547,6.543,nan,nan
441,train,5.8106,0.0033,11.20,5.4996,7.50,9431,335.0,7.816,7.760,nan,nan
442,train,5.6726,0.0271,9.44,5.2432,6.43,9409,335.7,10.825,10.816,nan,nan
443,train,5.2901,0.0069,7.89,5.1698,5.06,9275,336.5,3.314,3.299,nan,nan
444,train,6.2751,0.0173,18.73,5.9437,15.79,11097,337.2,12.825,12.797,nan,nan
445,train,5.8542,0.0026,16.69,5.5220,17.40,8193,338.0,14.759,14.753,nan,nan
446,train,5.6580,0.0046,11.73,5.4869,13.10,11216,338.7,7.814,7.798,nan,nan
447,train,5.7870,0.0019,11.18,5.8025,11.52,8265,339.5,5.861,5.840,nan,nan
448,train,6.3825,0.0067,14.71,6.2866,13.80,8260,340.2,14.713,14.706,nan,nan
449,train,5.7204,0.0125,15.89,5.5062,17.72,9312,341.0,11.112,11.076,nan,nan
450,train,5.4071,0.0029,7.72,5.1332,6.00,9106,341.7,6.488,6.465,nan,nan
451,train,5.5684,0.0126,9.24,5.5857,8.08,8509,342.5,8.710,8.707,nan,nan
452,train,6.2956,0.0000,15.73,6.1211,16.77,9511,343.2,12.636,12.619,nan,nan
453,train,6.9015,0.0000,19.48,6.7191,16.50,8143,344.0,17.937,17.923,nan,nan
454,train,5.5889,0.0059,9.16,5.2668,5.84,9415,344.7,6.589,6.581,nan,nan
455,train,6.3734,0.0000,16.94,6.2861,18.33,8630,345.5,15.035,15.025,nan,nan
456,train,6.2256,0.0022,12.42,6.1135,11.32,10828,346.2,10.552,10.540,nan,nan
457,train,5.7823,0.0214,11.54,5.5427,10.28,8371,347.0,8.890,8.762,nan,nan
458,train,6.1071,0.0251,18.26,5.6462,18.11,9477,347.7,14.327,14.320,nan,nan
459,train,6.0739,0.0001,14.42,5.8281,12.60,8265,348.5,13.298,13.292,nan,nan
460,train,6.0812,0.0001,19.46,5.9185,21.32,9363,349.2,16.253,16.200,nan,nan
461,train,5.7161,0.0437,9.72,5.3684,7.24,10048,350.0,9.307,9.298,nan,nan
462,train,6.3299,0.0004,15.88,6.0620,15.39,8915,350.7,15.444,15.431,nan,nan
463,train,5.7782,0.0006,11.99,5.5512,12.17,9884,351.5,10.855,10.852,nan,nan
464,train,5.6524,0.0104,11.11,5.3313,12.00,10501,352.2,12.409,12.390,nan,nan
465,train,5.7431,0.0020,19.20,5.4370,21.22,9209,353.0,13.063,13.040,nan,nan
466,train,5.5668,0.0019,10.89,5.2961,12.54,8282,353.7,7.404,7.373,nan,nan
467,train,6.5634,0.0021,19.33,6.5168,19.00,8550,354.4,14.281,14.280,nan,nan
468,train,5.8317,0.0216,10.23,5.4534,7.32,9978,355.2,7.139,7.107,nan,nan
469,train,7.5765,0.0001,27.22,7.2018,28.40,8464,355.9,21.813,21.711,nan,nan
470,train,6.0451,0.0010,16.96,5.8204,15.18,10483,356.7,15.075,15.067,nan,nan
471,train,6.5419,0.0001,19.80,6.3982,23.82,9772,357.4,15.758,15.756,nan,nan
472,train,5.8000,0.0033,11.03,5.6219,9.63,8387,358.2,6.430,6.346,nan,nan
473,train,5.9750,0.0011,17.35,5.6584,15.14,9274,358.9,13.216,13.205,nan,nan
474,train,6.1331,0.0057,19.15,5.7678,16.05,7901,359.7,15.682,15.680,nan,nan
475,train,5.6076,0.0019,11.19,5.5015,13.22,10826,360.4,4.485,4.472,nan,nan
476,train,5.5685,0.0066,11.94,5.3795,11.85,7841,361.2,9.872,9.861,nan,nan
477,train,5.8950,0.0060,13.42,5.7328,13.66,9204,361.9,8.436,8.435,nan,nan
478,train,5.9713,0.0023,17.76,5.4663,13.66,8428,362.7,16.930,16.928,nan,nan
479,train,6.2862,0.0000,19.07,5.9256,18.73,8047,363.4,14.793,14.751,nan,nan
480,train,5.7604,0.0263,13.28,5.7865,16.70,8284,364.2,11.963,11.935,nan,nan
481,train,5.6117,0.0080,12.35,5.2969,12.46,11141,364.9,8.269,8.261,nan,nan
482,train,5.7920,0.0015,14.10,5.1971,9.21,9276,365.7,11.292,11.289,nan,nan
483,train,5.4559,0.0165,8.36,5.2318,4.41,10542,366.4,7.389,7.339,nan,nan
484,train,6.6668,0.0000,20.15,6.4704,21.18,8016,367.2,18.427,18.415,nan,nan
485,train,5.9606,0.0121,11.78,5.3838,7.82,7764,367.9,9.848,9.796,nan,nan
486,train,6.1440,0.0008,15.79,6.0427,16.44,8464,368.6,13.047,13.046,nan,nan
487,train,5.6846,0.0032,9.85,5.5519,8.49,10070,369.4,7.426,7.409,nan,nan
488,train,5.9312,0.0020,12.08,5.5689,7.32,9691,370.1,9.820,9.814,nan,nan
489,train,5.4352,0.0364,13.13,5.2249,11.31,11265,370.9,8.001,7.978,nan,nan
490,train,7.2175,0.0001,24.26,7.0924,26.40,9490,371.6,21.596,21.591,nan,nan
491,train,5.3729,0.0157,7.76,5.2339,4.24,7731,372.4,3.128,3.116,nan,nan
492,train,5.8644,0.0005,20.18,5.6411,22.03,9751,373.1,14.727,14.709,nan,nan
493,train,6.0299,0.0008,13.71,5.9588,13.46,8289,373.9,10.894,10.885,nan,nan
494,train,5.7119,0.0134,13.98,5.3014,15.14,8438,374.6,9.647,9.630,nan,nan
495,train,6.6334,0.0005,22.89,6.2285,23.91,9504,375.4,19.976,19.973,nan,nan
496,train,5.7862,0.0020,9.17,5.6277,5.99,8293,376.1,8.731,8.682,nan,nan
497,train,6.0264,0.0015,15.21,5.7951,15.30,8216,376.9,10.826,10.807,nan,nan
498,train,5.9426,0.0006,12.55,5.7103,13.05,8513,377.6,9.495,9.486,nan,nan
499,train,7.1279,0.0000,22.66,6.9758,18.03,10239,378.4,20.798,20.790,nan,nan
500,train,6.2051,0.0012,19.01,6.0886,22.62,11937,379.1,16.466,16.452,nan,nan
500,val,6.0411,0.0069,14.91,5.8146,13.98,884448,448.6,12.467,12.452,nan,nan
501,train,6.5098,0.0003,16.87,6.2703,15.95,9171,449.8,14.622,14.620,nan,nan
502,train,6.2066,0.0002,19.08,5.9383,16.16,10750,450.6,16.589,16.568,nan,nan
503,train,6.3611,0.0002,20.83,6.1201,22.57,8729,451.3,18.366,18.360,nan,nan
504,train,6.5956,0.0017,17.56,6.1269,15.42,8630,452.1,15.435,15.360,nan,nan
505,train,5.7843,0.0012,11.62,5.6879,10.10,8448,452.8,7.230,7.198,nan,nan
506,train,6.1508,0.0006,17.83,6.2193,20.20,8865,453.6,11.832,11.828,nan,nan
507,train,6.4116,0.0004,19.39,6.0765,21.28,11208,454.3,15.294,15.291,nan,nan
508,train,5.7539,0.0028,16.57,5.4738,15.63,8826,455.0,13.526,13.475,nan,nan
509,train,5.6275,0.0047,16.38,5.2636,15.20,8461,455.8,12.456,12.454,nan,nan
510,train,6.6363,0.0001,19.29,6.2287,19.02,9188,456.5,16.881,16.868,nan,nan
511,train,5.6007,0.0118,10.48,5.4609,10.21,9030,457.3,7.980,7.952,nan,nan
512,train,6.4549,0.0156,18.11,6.0953,19.15,9670,458.0,16.040,15.987,nan,nan
513,train,6.2311,0.0002,18.39,5.8181,18.89,9915,458.8,15.112,15.104,nan,nan
514,train,7.1240,0.0001,21.22,7.1709,17.84,8453,459.5,19.541,19.539,nan,nan
515,train,6.0886,0.0006,11.37,6.0087,10.04,7855,460.3,13.616,13.611,nan,nan
516,train,5.8785,0.0032,9.73,5.9183,8.40,10573,461.0,9.557,9.552,nan,nan
517,train,5.5748,0.0041,10.29,5.3840,9.48,10641,461.8,9.719,9.685,nan,nan
518,train,6.0112,0.0004,14.85,5.7625,17.07,7936,462.5,11.252,11.246,nan,nan
519,train,6.1681,0.0005,16.74,5.9034,20.29,8370,463.3,15.092,15.088,nan,nan
520,train,5.5097,0.0045,12.85,5.3664,10.68,8747,464.0,9.759,9.739,nan,nan
521,train,6.3853,0.0063,20.88,5.9005,24.65,11225,464.8,19.052,19.041,nan,nan
522,train,6.2109,0.0488,11.30,5.9097,11.31,7415,465.5,9.508,9.501,nan,nan
523,train,6.1111,0.0007,16.19,5.5800,18.25,9460,466.3,13.540,13.539,nan,nan
524,train,6.2711,0.0091,17.29,6.1212,13.65,8751,467.0,15.306,15.295,nan,nan
525,train,5.7322,0.0028,16.14,5.3569,15.09,8254,467.8,14.264,14.241,nan,nan
526,train,6.2673,0.0001,15.03,6.2348,13.96,7388,468.5,12.387,12.358,nan,nan
527,train,5.8709,0.0015,16.55,5.5522,16.04,7783,469.3,12.520,12.510,nan,nan
528,train,6.0188,0.0007,13.45,5.9411,11.22,10738,470.0,9.447,9.425,nan,nan
529,train,5.6336,0.0021,12.00,5.3007,9.62,10775,470.8,7.898,7.766,nan,nan
530,train,6.1952,0.0032,17.50,5.8842,18.03,8232,471.5,13.673,13.662,nan,nan
531,train,6.6319,0.0013,19.13,6.4214,17.24,11622,472.3,16.636,16.621,nan,nan
532,train,7.3564,0.0000,20.97,7.1947,19.24,10157,473.0,18.219,18.219,nan,nan
533,train,6.0458,0.0016,13.57,5.9513,11.42,9698,473.8,10.735,10.719,nan,nan
534,train,6.1671,0.0007,14.23,6.0303,12.16,10048,474.5,13.509,13.501,nan,nan
535,train,5.9766,0.0018,12.15,5.7368,12.37,7406,475.3,8.525,8.522,nan,nan
536,train,5.8288,0.0012,16.83,5.5751,19.11,8626,476.0,12.295,12.280,nan,nan
537,train,5.7430,0.0017,11.10,5.5514,10.66,8079,476.8,12.303,12.286,nan,nan
538,train,6.2546,0.0010,13.93,5.9995,15.13,9320,477.5,12.911,12.908,nan,nan
539,train,5.5364,0.0141,10.98,5.0824,7.32,9429,478.3,9.065,9.044,nan,nan
540,train,5.9230,0.0043,11.39,5.9712,13.11,8678,479.0,9.499,9.490,nan,nan
541,train,5.7384,0.0634,13.53,5.6457,15.21,7080,479.7,10.563,10.544,nan,nan
542,train,5.8953,0.0006,15.57,5.7284,15.87,9488,480.5,13.171,13.149,nan,nan
543,train,6.3372,0.0000,17.02,6.0304,15.68,8472,481.2,15.276,15.265,nan,nan
544,train,6.0552,0.0005,16.35,5.8368,17.70,9801,482.0,14.894,14.892,nan,nan
545,train,5.6688,0.0043,9.62,5.5555,6.48,11654,482.7,9.261,9.259,nan,nan
546,train,6.7814,0.0000,22.05,6.4403,26.31,7140,483.5,21.058,21.045,nan,nan
547,train,5.8432,0.0041,12.84,5.7364,13.87,10221,484.2,10.397,10.387,nan,nan
548,train,6.4808,0.0002,19.44,6.3256,20.21,8358,485.0,16.785,16.785,nan,nan
549,train,6.1328,0.0044,15.40,5.7280,12.82,9034,485.7,9.577,9.546,nan,nan
550,train,6.0509,0.0013,10.92,5.9255,9.61,10482,486.5,10.572,10.572,nan,nan
551,train,6.5729,0.0001,23.65,6.3287,20.74,7650,487.2,20.228,20.209,nan,nan
552,train,5.6201,0.0370,13.55,5.2882,12.83,7433,488.0,14.217,14.212,nan,nan
553,train,5.4786,0.0078,9.47,5.1893,8.66,8083,488.7,6.968,6.908,nan,nan
554,train,5.3956,0.0036,9.52,5.0368,8.26,7257,489.5,7.730,7.691,nan,nan
555,train,6.9647,0.0001,21.06,6.6111,25.50,8490,490.2,18.304,18.294,nan,nan
556,train,6.1968,0.0002,16.61,6.2336,16.84,12544,491.0,15.810,15.799,nan,nan
557,train,5.6030,0.0049,14.70,5.3243,9.51,9995,491.7,12.287,12.287,nan,nan
558,train,6.1963,0.0014,16.41,5.9702,16.90,7888,492.5,12.568,12.566,nan,nan
559,train,5.8169,0.0102,16.18,5.6414,16.50,10845,493.2,12.270,12.261,nan,nan
560,train,5.8884,0.0251,12.89,5.6774,9.90,8000,494.0,14.201,14.193,nan,nan
561,train,6.5569,0.0001,23.29,6.4157,23.00,7497,494.7,20.212,20.210,nan,nan
562,train,5.9183,0.0031,13.68,5.7109,16.83,8807,495.5,13.474,13.469,nan,nan
563,train,5.5488,0.0003,12.18,5.3192,13.06,7136,496.2,9.125,9.089,nan,nan
564,train,5.5584,0.0065,10.75,5.3305,10.40,8809,497.0,5.181,5.132,nan,nan
565,train,6.1514,0.0036,11.91,6.1734,16.16,9792,497.7,14.188,14.186,nan,nan
566,train,6.2238,0.0007,20.11,6.1637,20.41,8335,498.5,17.134,17.127,nan,nan
567,train,5.3999,0.0145,7.59,5.2161,6.39,7448,499.2,5.792,5.778,nan,nan
568,train,6.8435,0.0021,16.10,6.5881,15.65,9054,500.0,12.432,12.423,nan,nan
569,train,5.8235,0.0427,13.75,5.3690,8.00,11041,500.7,12.533,12.510,nan,nan
570,train,5.5817,0.0024,11.26,5.5367,10.00,10919,501.5,6.379,6.324,nan,nan
571,train,5.7716,0.0347,11.20,5.4997,10.05,7917,502.2,8.765,8.718,nan,nan
572,train,5.8597,0.0021,12.44,5.5394,10.85,7456,502.9,11.132,11.082,nan,nan
573,train,6.2557,0.0137,15.33,6.5024,16.87,9534,503.7,17.691,17.687,nan,nan
574,train,6.1115,0.0007,10.78,5.8437,6.61,8660,504.4,10.036,10.024,nan,nan
575,train,6.4463,0.0021,22.63,6.2141,18.62,8165,505.2,19.789,19.783,nan,nan
576,train,6.9723,0.0018,19.59,6.8726,22.34,7959,505.9,14.324,14.319,nan,nan
577,train,5.8568,0.0007,13.12,5.6368,14.28,8411,506.7,10.046,10.000,nan,nan
578,train,5.6463,0.0009,14.37,5.5197,18.61,9942,507.4,10.737,10.733,nan,nan
579,train,6.3117,0.0016,16.63,6.1946,9.31,10365,508.2,16.777,16.665,nan,nan
580,train,6.6742,0.0005,17.86,6.5484,16.16,10584,508.9,17.028,17.025,nan,nan
581,train,6.1084,0.0006,11.50,5.8690,11.71,7250,509.7,11.135,11.122,nan,nan
582,train,6.6500,0.0000,15.43,6.3503,19.14,8816,510.4,15.986,15.963,nan,nan
583,train,5.6327,0.0214,14.26,5.4254,11.72,9070,511.2,8.596,8.512,nan,nan
584,train,6.0529,0.0020,12.78,5.7154,13.60,9419,511.9,12.648,12.618,nan,nan
585,train,6.1200,0.0003,15.44,6.1400,17.37,9048,512.7,11.282,11.281,nan,nan
586,train,6.0735,0.0277,16.45,5.7243,15.82,7371,513.4,15.462,15.459,nan,nan
587,train,5.7902,0.0008,13.55,5.3409,6.47,8400,514.2,13.604,13.602,nan,nan
588,train,5.8896,0.0077,15.34,5.5658,13.34,7944,514.9,14.585,14.578,nan,nan
589,train,6.2667,0.0004,15.84,5.9441,14.15,8279,515.7,15.497,15.496,nan,nan
590,train,5.5819,0.0118,7.51,5.4640,5.16,7979,516.4,9.381,9.363,nan,nan
591,train,7.1466,0.0000,19.70,6.8235,14.79,9277,517.2,15.780,15.780,nan,nan
592,train,5.7431,0.0092,12.99,5.5852,11.00,8989,517.9,12.781,12.780,nan,nan
593,train,5.5894,0.0021,9.51,5.5325,7.61,12191,518.7,5.503,5.478,nan,nan
594,train,5.5390,0.0022,11.50,5.3883,10.48,9146,519.4,7.345,7.245,nan,nan
595,train,5.4409,0.0068,7.63,5.1493,7.10,10237,520.2,3.955,3.815,nan,nan
596,train,6.3437,0.0000,18.80,6.1263,20.26,7867,520.9,15.581,15.578,nan,nan
597,train,6.6702,0.0001,15.45,6.4414,13.35,7942,521.7,15.296,15.287,nan,nan
598,train,6.0169,0.0118,11.04,5.9382,9.48,8373,522.4,11.820,11.772,nan,nan
599,train,5.9405,0.0031,10.24,5.5981,12.09,7780,523.2,8.900,8.885,nan,nan
600,train,5.8455,0.0111,9.02,5.7500,6.36,11483,523.9,9.146,9.136,nan,nan
601,train,6.0038,0.0001,14.57,5.8984,10.24,8720,524.7,15.748,15.704,nan,nan
602,train,5.8028,0.0025,14.44,5.4787,13.06,9471,525.4,9.293,9.276,nan,nan
603,train,6.1056,0.0002,11.46,5.8955,9.57,9395,526.2,10.730,10.720,nan,nan
604,train,6.4041,0.0016,15.75,6.1311,13.09,7899,526.9,13.941,13.922,nan,nan
605,train,6.3416,0.0007,15.39,6.2109,14.49,9011,527.6,13.208,13.197,nan,nan
606,train,5.9464,0.0008,16.38,5.6862,18.45,8253,528.4,12.372,12.350,nan,nan
607,train,6.5977,0.0000,18.61,6.5298,15.81,7439,529.1,18.039,18.037,nan,nan
608,train,5.8722,0.0021,13.21,5.5961,11.68,9233,529.9,9.354,9.339,nan,nan
609,train,6.6321,0.0003,19.43,6.2051,24.28,10384,530.6,18.815,18.806,nan,nan
610,train,6.1277,0.0009,14.13,6.1352,16.40,8456,531.4,11.241,11.231,nan,nan
611,train,5.6217,0.0020,11.52,5.4520,9.51,8993,532.1,9.944,9.922,nan,nan
612,train,5.8080,0.0000,13.35,5.6375,17.06,8659,532.9,13.782,13.722,nan,nan
613,train,6.7985,0.0005,19.90,6.4128,18.60,9835,533.6,14.812,14.805,nan,nan
614,train,6.0635,0.0024,14.34,5.8009,10.30,8927,534.4,12.695,12.693,nan,nan
615,train,4.9912,0.0428,7.82,4.7213,7.08,7108,535.1,3.796,3.721,nan,nan
616,train,6.5492,0.0000,18.53,6.4584,21.58,8468,535.9,15.899,15.885,nan,nan
617,train,6.1121,0.0007,14.81,5.6926,12.16,10582,536.6,14.427,14.425,nan,nan
618,train,6.0986,0.0005,20.05,5.9431,23.90,8684,537.4,16.598,16.580,nan,nan
619,train,5.8857,0.0015,13.50,5.4962,14.10,8886,538.1,9.463,9.452,nan,nan
620,train,6.3473,0.0007,15.80,6.2345,15.56,10672,538.9,10.964,10.959,nan,nan
621,train,5.3974,0.0100,7.78,4.9997,5.40,9840,539.6,5.117,5.104,nan,nan
622,train,5.8910,0.0043,12.90,5.6113,16.12,9352,540.4,10.370,10.369,nan,nan
623,train,5.4167,0.0130,8.66,5.0381,6.41,9072,541.1,6.456,6.418,nan,nan
624,train,6.7249,0.0030,15.28,6.3107,15.15,9636,541.9,10.335,10.332,nan,nan
625,train,6.1947,0.0010,14.60,6.1283,11.71,8586,542.6,14.721,14.720,nan,nan
626,train,5.8549,0.0015,11.91,5.6900,7.24,8528,543.4,8.889,8.886,nan,nan
627,train,6.2739,0.0017,18.63,5.5682,12.38,8206,544.1,17.717,17.709,nan,nan
628,train,5.4544,0.0095,9.33,5.2508,7.00,7559,544.9,8.616,8.592,nan,nan
629,train,5.8909,0.0031,13.36,5.5035,14.28,7355,545.6,13.202,13.180,nan,nan
630,train,5.3958,0.0499,10.80,5.0055,7.07,7318,546.4,9.805,9.770,nan,nan
631,train,5.7068,0.0399,8.56,5.6661,6.51,11189,547.1,5.305,5.283,nan,nan
632,train,5.7108,0.0135,12.21,5.5526,14.22,8811,547.9,8.757,8.747,nan,nan
633,train,6.5144,0.0009,15.37,6.3952,10.83,8112,548.6,12.426,12.391,nan,nan
634,train,5.2479,0.0177,8.34,5.1573,8.64,8423,549.3,5.137,5.016,nan,nan
635,train,6.3952,0.0000,19.79,6.0917,21.35,8363,550.1,16.077,16.061,nan,nan
636,train,6.2829,0.0037,12.19,6.0456,10.48,9798,550.8,10.499,10.465,nan,nan
637,train,5.4175,0.0383,9.91,5.2000,7.08,8143,551.6,9.122,9.111,nan,nan
638,train,5.7906,0.0091,16.35,5.5602,11.26,8422,552.3,13.009,12.977,nan,nan
639,train,6.6319,0.0003,15.12,6.4612,15.30,8599,553.1,11.318,11.311,nan,nan
640,train,6.5238,0.0002,17.85,6.3764,18.68,11104,553.8,14.335,14.316,nan,nan
641,train,5.8314,0.0049,10.75,5.2415,8.12,9611,554.6,11.737,11.715,nan,nan
642,train,6.1462,0.0029,12.79,6.0008,12.40,9411,555.3,11.296,11.276,nan,nan
643,train,5.7261,0.0008,13.06,5.4490,11.10,7743,556.1,9.904,9.867,nan,nan
644,train,5.7920,0.0041,17.65,5.5549,20.25,8445,556.8,16.142,16.131,nan,nan
645,train,5.5741,0.0365,8.31,5.3751,6.16,8564,557.6,7.847,7.794,nan,nan
646,train,5.8269,0.0008,16.28,5.5703,20.36,7978,558.3,15.461,15.456,nan,nan
647,train,5.4510,0.0385,11.26,5.0933,14.71,8268,559.1,7.584,7.506,nan,nan
648,train,5.6783,0.0214,14.90,5.3529,18.99,9978,559.8,13.624,13.538,nan,nan
649,train,5.8332,0.0024,14.03,5.7771,12.53,9295,560.6,8.692,8.515,nan,nan
650,train,6.0983,0.0007,17.67,5.6973,15.47,8028,561.3,15.353,15.348,nan,nan
651,train,5.9764,0.0008,13.05,5.6524,10.78,8772,562.1,10.595,10.594,nan,nan
652,train,5.7084,0.0011,12.44,5.4611,10.31,8079,562.8,8.582,8.474,nan,nan
653,train,6.1860,0.0095,18.69,5.5262,16.68,8462,563.6,15.221,15.202,nan,nan
654,train,5.6264,0.0021,11.78,5.3735,9.12,9206,564.3,7.774,7.761,nan,nan
655,train,5.9475,0.0165,15.14,5.7580,15.27,9926,565.1,12.299,12.180,nan,nan
656,train,4.4811,0.0550,5.37,4.0282,2.00,7983,565.8,4.119,4.051,nan,nan
657,train,5.6318,0.0325,11.41,5.4187,8.00,7728,566.6,14.874,14.864,nan,nan
658,train,5.4620,0.0054,9.91,5.1366,4.58,8595,567.3,6.944,6.915,nan,nan
659,train,6.7238,0.0000,20.04,6.5635,18.05,8965,568.0,18.324,18.259,nan,nan
660,train,6.2566,0.0037,14.64,5.8668,11.88,7600,568.8,10.586,10.585,nan,nan
661,train,7.0106,0.0002,20.11,6.6803,18.98,12514,569.5,18.491,18.487,nan,nan
662,train,5.1541,0.0042,9.00,4.8601,9.31,7898,570.3,8.128,8.124,nan,nan
663,train,5.9932,0.0026,19.85,5.6868,22.52,9401,571.0,14.905,14.901,nan,nan
664,train,6.2224,0.0004,13.58,6.0954,14.83,9604,571.8,10.565,10.564,nan,nan
665,train,5.8599,0.0004,16.26,5.8063,15.53,7778,572.5,13.440,13.438,nan,nan
666,train,5.5667,0.0012,14.07,5.5348,16.61,11037,573.3,10.983,10.970,nan,nan
667,train,6.0456,0.0041,15.26,6.0120,13.55,9993,574.0,11.883,11.876,nan,nan
668,train,6.7637,0.0001,20.34,6.6106,17.76,6682,574.8,18.970,18.964,nan,nan
669,train,6.0260,0.0021,14.62,5.8472,11.46,7218,575.5,10.666,10.595,nan,nan
670,train,5.9861,0.0017,14.95,5.8517,14.45,7598,576.3,11.013,11.003,nan,nan
671,train,5.5053,0.0050,10.56,5.4936,11.32,8649,577.0,5.784,5.739,nan,nan
672,train,5.8480,0.0008,12.31,5.5826,11.41,7255,577.8,7.536,7.522,nan,nan
673,train,6.0474,0.0006,15.69,5.7980,15.15,8803,578.5,11.251,11.241,nan,nan
674,train,6.9324,0.0000,23.52,6.5507,26.41,8078,579.3,18.456,18.440,nan,nan
675,train,6.0369,0.0017,19.27,5.8443,18.17,8259,580.0,12.890,12.781,nan,nan
676,train,5.8865,0.0044,14.58,5.4622,12.72,7762,580.7,13.217,13.209,nan,nan
677,train,5.9127,0.0014,12.03,5.7556,9.10,11096,581.5,10.559,10.552,nan,nan
678,train,6.0431,0.0003,16.74,5.8806,17.00,8594,582.2,10.451,10.414,nan,nan
679,train,7.1801,0.0001,27.11,7.1395,28.42,9156,583.0,22.929,22.926,nan,nan
680,train,5.8313,0.0006,13.84,5.2773,11.00,7897,583.7,13.318,13.315,nan,nan
681,train,6.3636,0.0000,15.49,6.0953,17.66,10280,584.5,15.349,15.339,nan,nan
682,train,5.9931,0.0008,15.84,5.9188,17.50,9050,585.2,12.204,12.195,nan,nan
683,train,6.5346,0.0015,18.04,6.0954,18.44,10104,586.0,19.921,19.917,nan,nan
684,train,6.4315,0.0004,18.86,6.2355,21.48,10597,586.7,16.589,16.587,nan,nan
685,train,6.2995,0.0016,15.95,6.0804,16.64,8168,587.5,13.082,13.072,nan,nan
686,train,6.2245,0.0011,13.29,5.9533,11.74,9435,588.2,12.808,12.794,nan,nan
687,train,6.0116,0.0005,14.62,5.7708,16.00,11191,589.0,12.682,12.679,nan,nan
688,train,6.1060,0.0003,11.06,5.9714,10.01,10393,589.7,10.059,10.058,nan,nan
689,train,6.7122,0.0000,22.41,6.6721,22.09,11541,590.5,18.417,18.408,nan,nan
690,train,6.1492,0.0002,18.09,5.9029,19.07,9606,591.2,15.040,15.035,nan,nan
691,train,5.8024,0.0027,14.34,5.5211,15.76,7542,592.0,11.827,11.818,nan,nan
692,train,5.3599,0.0122,10.25,5.1079,11.42,7381,592.7,6.222,6.211,nan,nan
693,train,5.6138,0.0017,12.38,5.2605,16.62,7729,593.5,6.240,6.212,nan,nan
694,train,6.1527,0.0013,14.75,6.0780,7.29,9484,594.2,13.475,13.427,nan,nan
695,train,5.8937,0.0012,14.28,5.8164,14.61,8104,595.0,9.674,9.673,nan,nan
696,train,5.6463,0.0039,8.39,5.4050,7.93,9687,595.7,11.503,11.449,nan,nan
697,train,6.2099,0.0005,18.56,5.9754,16.52,9290,596.5,16.348,16.324,nan,nan
698,train,6.7084,0.0001,23.79,6.4778,28.65,8136,597.2,20.038,20.028,nan,nan
699,train,5.3503,0.0050,8.25,5.0729,3.41,8430,598.0,3.064,3.033,nan,nan
700,train,5.7749,0.0005,11.46,5.6957,8.55,10991,598.7,10.247,10.247,nan,nan
701,train,6.2697,0.0125,12.76,6.5078,13.64,8899,599.5,13.331,13.309,nan,nan
702,train,6.0432,0.0042,15.26,5.8279,13.07,9222,600.2,10.589,10.579,nan,nan
703,train,6.1897,0.0087,17.01,6.0394,21.12,8088,601.0,14.030,14.019,nan,nan
704,train,5.3696,0.0051,9.28,5.0940,8.32,8187,601.7,8.031,8.029,nan,nan
705,train,5.6493,0.0168,11.80,5.3957,13.25,7681,602.5,12.199,12.192,nan,nan
706,train,6.6796,0.0004,18.12,6.4727,23.80,9028,603.2,16.919,16.904,nan,nan
707,train,6.0171,0.0011,15.57,5.7373,14.17,8908,604.0,12.606,12.603,nan,nan
708,train,5.6797,0.0205,9.64,5.3728,6.00,8380,604.7,10.202,10.202,nan,nan
709,train,6.3995,0.0222,22.82,5.9952,24.81,7463,605.4,19.035,19.028,nan,nan
710,train,6.0623,0.0002,15.69,5.7000,13.40,9217,606.2,15.727,15.727,nan,nan
711,train,5.5715,0.0006,11.15,5.4479,12.08,8768,606.9,9.531,9.520,nan,nan
712,train,5.5092,0.0028,10.64,4.9872,8.61,8158,607.7,5.704,5.700,nan,nan
713,train,7.3063,0.0003,22.79,6.8607,23.63,11156,608.4,20.502,20.488,nan,nan
714,train,5.4287,0.0156,7.67,5.3203,7.12,8506,609.2,6.096,6.063,nan,nan
715,train,5.7897,0.0312,12.47,5.3058,8.00,10460,609.9,7.237,7.212,nan,nan
716,train,6.4624,0.0000,19.04,6.2632,20.04,10304,610.7,14.693,14.648,nan,nan
717,train,5.7501,0.0140,15.71,5.5531,17.72,7454,611.4,13.522,13.497,nan,nan
718,train,6.4032,0.0005,23.16,6.1396,21.51,7467,612.2,16.568,16.566,nan,nan
719,train,5.8045,0.0005,14.33,5.6211,10.24,8553,612.9,9.437,9.381,nan,nan
720,train,6.3786,0.0001,19.52,6.1595,21.05,7581,613.7,17.002,16.976,nan,nan
721,train,5.8608,0.0019,11.32,5.4241,9.25,9801,614.4,11.198,11.188,nan,nan
722,train,6.3811,0.0001,16.41,6.0217,16.22,9251,615.2,14.204,14.204,nan,nan
723,train,6.3361,0.0001,20.98,6.2371,21.95,12455,615.9,18.930,18.924,nan,nan
724,train,7.1420,0.0003,21.54,6.9143,21.22,9496,616.7,20.134,20.134,nan,nan
725,train,6.3355,0.0001,18.15,6.0828,17.06,7584,617.4,16.550,16.543,nan,nan
726,train,7.1972,0.0025,20.40,6.8833,20.63,9157,618.2,18.276,18.272,nan,nan
727,train,5.3682,0.0151,11.59,4.9643,10.63,7327,618.9,6.621,6.565,nan,nan
728,train,5.0906,0.0455,6.54,4.9388,6.00,9185,619.7,6.120,6.062,nan,nan
729,train,6.5254,0.0011,11.46,6.4129,9.24,7604,620.4,11.459,11.449,nan,nan
730,train,6.2327,0.0014,15.47,6.0255,17.26,8373,621.2,12.015,12.007,nan,nan
731,train,6.3263,0.0000,20.34,6.0566,22.88,8515,621.9,15.421,15.410,nan,nan
732,train,5.9512,0.0026,13.73,5.8658,16.14,9800,622.7,10.978,10.977,nan,nan
733,train,6.2730,0.0032,14.74,5.9035,17.20,8709,623.4,12.439,12.418,nan,nan
734,train,5.7773,0.0015,13.39,5.4939,12.00,8105,624.1,10.319,10.228,nan,nan
735,train,5.6487,0.0044,12.90,5.1735,12.83,8324,624.9,12.043,12.023,nan,nan
736,train,6.6803,0.0003,15.59,6.5749,11.47,7944,625.6,14.066,14.052,nan,nan
737,train,6.8850,0.0004,22.34,6.6486,21.39,11724,626.4,19.518,19.511,nan,nan
738,train,5.4696,0.0182,8.41,5.2838,7.47,9758,627.1,9.341,9.337,nan,nan
739,train,5.6937,0.0098,11.88,5.4319,16.85,9128,627.9,10.187,10.184,nan,nan
740,train,6.3376,0.0002,12.33,6.1073,7.61,9456,628.6,14.011,14.005,nan,nan
741,train,5.6724,0.0028,11.95,5.4588,14.34,8263,629.4,9.064,9.036,nan,nan
742,train,5.9327,0.0069,14.16,5.6030,13.25,9592,630.1,11.325,11.318,nan,nan
743,train,6.4357,0.0042,17.43,6.5374,16.16,8659,630.9,13.561,13.551,nan,nan
744,train,6.9106,0.0001,19.98,6.6522,24.20,8726,631.6,18.657,18.645,nan,nan
745,train,6.3468,0.0004,17.57,6.0590,16.57,8391,632.4,15.191,15.179,nan,nan
746,train,6.8344,0.0000,21.62,6.9031,19.29,9159,633.1,18.825,18.824,nan,nan
747,train,5.9376,0.0045,17.91,5.4861,17.70,8890,633.9,13.462,13.457,nan,nan
748,train,5.6816,0.0111,12.83,5.4797,14.39,8537,634.6,9.967,9.965,nan,nan
749,train,6.1487,0.0008,18.51,5.9471,16.04,8321,635.4,15.169,15.168,nan,nan
750,train,6.6021,0.0001,20.13,6.3429,20.04,8711,636.1,17.473,17.472,nan,nan
751,train,6.0041,0.0006,13.51,5.5745,12.84,8849,636.9,8.418,8.386,nan,nan
752,train,5.6978,0.0092,11.32,5.2343,9.54,9473,637.6,7.349,7.341,nan,nan
753,train,5.3021,0.0248,9.07,5.0235,7.29,8140,638.4,4.771,4.745,nan,nan
754,train,5.5275,0.0085,12.94,5.2585,11.24,9934,639.1,8.211,8.205,nan,nan
755,train,5.6849,0.0084,9.73,5.3944,8.00,9772,639.9,8.488,8.484,nan,nan
756,train,5.5419,0.0004,16.86,5.3415,14.63,7873,640.6,12.358,12.355,nan,nan
757,train,5.5790,0.0151,9.78,5.5134,5.89,11022,641.4,7.889,7.886,nan,nan
758,train,5.5736,0.0050,10.06,5.4492,10.12,9526,642.1,5.821,5.820,nan,nan
759,train,6.2626,0.0004,13.24,6.0430,11.22,10299,642.9,13.825,13.825,nan,nan
760,train,5.2512,0.0094,8.30,4.9813,5.61,7541,643.6,6.282,6.243,nan,nan
761,train,5.2130,0.0356,7.66,4.9120,2.41,7241,644.4,7.764,7.689,nan,nan
762,train,6.4203,0.0013,15.56,6.1507,16.50,7019,645.1,15.234,15.231,nan,nan
763,train,5.4880,0.0048,11.36,5.0983,9.25,8950,645.9,9.292,9.256,nan,nan
764,train,6.0285,0.0056,14.37,5.6547,14.63,8173,646.6,11.686,11.681,nan,nan
765,train,6.4513,0.0002,22.69,6.1977,25.06,8137,647.3,19.600,19.596,nan,nan
766,train,5.9716,0.0397,10.74,5.7237,9.25,10169,648.1,10.239,10.225,nan,nan
767,train,5.9911,0.0025,13.16,5.8282,11.41,7684,648.8,9.059,9.045,nan,nan
768,train,6.4961,0.0008,17.71,6.3683,19.44,9965,649.6,13.422,13.407,nan,nan
769,train,7.3421,0.0001,27.61,7.1247,25.84,8390,650.3,22.519,22.514,nan,nan
770,train,5.9290,0.0028,14.97,5.6796,12.87,7249,651.1,10.768,10.698,nan,nan
771,train,5.5016,0.0078,9.34,5.2579,4.24,10077,651.8,7.199,7.176,nan,nan
772,train,6.3171,0.0006,16.72,6.2302,18.20,8391,652.6,13.273,13.262,nan,nan
773,train,5.8202,0.0041,12.49,5.6608,12.44,10876,653.3,10.315,10.314,nan,nan
774,train,5.9781,0.0074,14.64,6.0673,15.39,9586,654.1,13.592,13.523,nan,nan
775,train,6.0211,0.0038,14.23,5.7725,12.06,9977,654.8,11.561,11.561,nan,nan
776,train,6.3336,0.0002,14.17,6.1484,11.91,12116,655.6,11.688,11.662,nan,nan
777,train,5.5924,0.0020,9.61,5.4873,5.40,7990,656.3,6.297,6.282,nan,nan
778,train,5.4439,0.0008,12.53,5.3469,10.63,8867,657.1,10.293,10.271,nan,nan
779,train,5.3136,0.0054,9.77,5.3585,9.40,7996,657.8,5.916,5.878,nan,nan
780,train,5.9386,0.0004,15.38,5.7900,17.65,6817,658.6,13.656,13.653,nan,nan
781,train,5.7993,0.0024,11.01,5.5670,11.18,8170,659.3,9.032,8.972,nan,nan
782,train,5.8959,0.0033,13.41,5.7506,16.06,7495,660.1,11.875,11.870,nan,nan
783,train,5.6631,0.0179,11.58,5.5616,11.20,7267,660.8,8.845,8.845,nan,nan
784,train,5.8029,0.0167,11.73,5.3162,7.25,7770,661.6,12.105,12.027,nan,nan
785,train,6.2454,0.0051,13.39,6.1987,15.05,8635,662.3,11.736,11.736,nan,nan
786,train,6.5932,0.0005,22.34,6.2713,22.82,8346,663.1,18.113,18.091,nan,nan
787,train,6.9373,0.0004,21.73,6.5638,24.33,8174,663.8,19.536,19.533,nan,nan
788,train,5.9858,0.0014,16.66,5.8066,14.71,11119,664.6,13.098,13.041,nan,nan
789,train,5.9651,0.0001,17.35,5.6290,16.87,8864,665.3,12.447,12.446,nan,nan
790,train,5.4883,0.0299,13.04,5.1858,9.90,9116,666.1,10.157,10.147,nan,nan
791,train,4.9385,0.0159,7.06,4.7219,4.00,8623,666.8,3.590,3.587,nan,nan
792,train,5.8998,0.0011,14.07,5.7992,14.02,9097,667.6,11.135,11.131,nan,nan
793,train,7.2683,0.0000,22.08,6.8790,21.28,6758,668.3,20.062,20.045,nan,nan
794,train,5.5546,0.0045,10.17,5.3360,9.03,8524,669.1,9.037,9.012,nan,nan
795,train,6.5595,0.0004,21.00,6.4014,18.77,10100,669.8,19.494,19.491,nan,nan
796,train,5.1475,0.0094,7.90,5.1236,5.00,9776,670.5,6.534,6.526,nan,nan
797,train,5.9320,0.0030,13.02,5.7626,11.52,8433,671.3,10.673,10.660,nan,nan
798,train,6.8815,0.0000,21.24,6.6509,18.39,8136,672.0,17.940,17.932,nan,nan
799,train,5.7633,0.0021,12.99,5.4785,8.08,10078,672.8,12.323,12.305,nan,nan
800,train,5.6200,0.0164,10.46,5.0895,7.89,9386,673.5,6.216,6.205,nan,nan
801,train,5.8066,0.0122,10.42,5.7116,4.61,8022,674.3,8.425,8.417,nan,nan
802,train,5.5073,0.0075,12.89,5.4009,17.50,9636,675.0,10.024,10.021,nan,nan
803,train,5.5774,0.0018,12.24,5.3150,12.12,8480,675.8,9.506,9.502,nan,nan
804,train,5.3532,0.0056,10.35,4.9614,4.61,11158,676.5,7.309,7.308,nan,nan
805,train,5.7583,0.0010,10.12,5.3917,9.57,10096,677.3,9.789,9.780,nan,nan
806,train,6.7983,0.0152,15.05,6.6863,17.73,7871,678.0,16.265,16.239,nan,nan
807,train,5.6424,0.0139,9.28,5.4083,7.74,8866,678.8,8.644,8.643,nan,nan
808,train,5.6154,0.0049,9.36,5.2704,7.07,9168,679.5,6.715,6.677,nan,nan
809,train,5.8037,0.0130,14.02,5.6605,15.05,8442,680.3,12.682,12.632,nan,nan
810,train,6.2813,0.0000,17.43,6.1520,14.89,8860,681.0,14.617,14.603,nan,nan
811,train,7.0689,0.0003,18.59,6.8562,18.04,10179,681.8,19.001,19.001,nan,nan
812,train,5.4273,0.0061,9.38,5.2715,6.47,10008,682.5,8.057,8.042,nan,nan
813,train,5.5310,0.0339,13.11,5.1827,18.54,7934,683.3,11.022,11.007,nan,nan
814,train,5.2985,0.0149,6.92,4.9508,4.16,7868,684.0,4.561,4.553,nan,nan
815,train,5.7731,0.0003,11.13,5.5039,10.83,8912,684.8,10.385,10.376,nan,nan
816,train,6.0388,0.0008,10.10,5.7409,8.66,8820,685.5,9.866,9.833,nan,nan
817,train,5.4955,0.0026,7.93,5.5138,8.25,8770,686.3,7.391,7.377,nan,nan
818,train,5.0421,0.0115,7.09,4.7788,5.61,9858,687.0,3.650,3.638,nan,nan
819,train,5.6475,0.0015,11.62,5.6389,10.08,9034,687.8,9.243,9.240,nan,nan
820,train,6.6692,0.0005,20.98,6.4382,21.81,7565,688.5,17.547,17.537,nan,nan
821,train,5.9451,0.0001,13.59,5.8523,13.72,10905,689.3,13.243,13.217,nan,nan
822,train,7.7022,0.0003,26.67,7.5545,26.51,7298,690.0,23.713,23.710,nan,nan
823,train,5.2880,0.0088,7.74,5.0597,3.24,7603,690.8,5.977,5.967,nan,nan
824,train,6.6227,0.0001,17.02,6.4035,12.68,10171,691.5,17.582,17.574,nan,nan
825,train,5.3957,0.0026,9.62,5.0615,7.66,10120,692.3,6.142,6.138,nan,nan
826,train,6.9810,0.0002,17.77,6.7550,18.00,8428,693.0,16.423,16.416,nan,nan
827,train,6.0804,0.0015,15.94,5.9356,16.64,7293,693.8,9.867,9.555,nan,nan
828,train,5.0645,0.0622,6.48,4.9241,4.61,8949,694.5,3.675,3.613,nan,nan
829,train,5.5884,0.0162,10.40,5.4013,6.83,9388,695.3,10.004,9.975,nan,nan
830,train,5.6968,0.0081,11.91,5.4391,10.04,8118,696.0,10.202,10.179,nan,nan
831,train,6.3692,0.0006,18.98,5.9691,18.99,10289,696.7,16.626,16.620,nan,nan
832,train,6.7095,0.0005,15.50,6.6438,16.14,10370,697.5,15.655,15.653,nan,nan
833,train,6.3450,0.0003,15.42,6.0892,13.53,10608,698.3,14.404,14.368,nan,nan
834,train,6.0399,0.0046,16.68,5.8175,19.81,8098,699.0,15.913,15.908,nan,nan
835,train,5.9829,0.0001,17.01,5.8945,18.70,10030,699.8,14.789,14.745,nan,nan
836,train,6.4842,0.0005,14.92,6.4509,12.72,9371,700.5,13.586,13.572,nan,nan
837,train,5.9044,0.1313,16.28,5.6206,15.81,9255,701.2,17.553,17.549,nan,nan
838,train,5.9065,0.0084,15.47,5.7097,19.18,9122,702.0,13.612,13.592,nan,nan
839,train,6.0507,0.0001,17.02,5.5744,16.61,8344,702.7,14.542,14.541,nan,nan
840,train,5.3540,0.0170,9.12,5.2211,4.16,8082,703.5,4.557,4.552,nan,nan
841,train,5.8340,0.0035,12.12,5.6881,16.31,9269,704.2,9.009,8.997,nan,nan
842,train,5.4075,0.0094,12.48,5.3069,14.87,10036,705.0,9.446,9.441,nan,nan
843,train,6.7330,0.0000,18.75,6.5735,17.28,12469,705.7,16.663,16.657,nan,nan
844,train,5.2638,0.0619,6.18,4.9666,1.00,9674,706.5,7.155,7.148,nan,nan
845,train,5.8576,0.0036,13.25,5.5916,8.49,7707,707.2,8.019,8.013,nan,nan
846,train,5.3123,0.0186,9.15,5.0125,6.71,9742,708.0,6.618,6.600,nan,nan
847,train,5.4046,0.0113,9.13,5.3331,8.91,10022,708.7,8.536,8.529,nan,nan
848,train,6.0231,0.0057,15.59,5.6852,15.00,10730,709.5,12.540,12.533,nan,nan
849,train,7.0409,0.0000,19.10,6.8669,18.83,9530,710.2,18.740,18.731,nan,nan
850,train,5.9519,0.0181,17.04,5.6481,17.05,9215,711.0,17.064,17.056,nan,nan
851,train,5.8541,0.0043,12.12,5.4207,10.60,9687,711.7,12.260,12.260,nan,nan
852,train,5.8747,0.0055,9.70,5.5977,7.83,9626,712.5,11.685,11.684,nan,nan
853,train,6.0437,0.0090,20.76,5.6194,10.81,10453,713.2,18.037,18.033,nan,nan
854,train,7.3336,0.0000,25.25,6.8881,25.28,9845,714.0,21.182,21.170,nan,nan
855,train,5.5174,0.0387,7.92,5.1819,5.83,10061,714.7,8.664,8.659,nan,nan
856,train,6.0939,0.0066,15.53,5.9224,9.21,7723,715.5,15.469,15.431,nan,nan
857,train,6.4767,0.0001,16.33,6.2111,17.84,11471,716.2,15.836,15.827,nan,nan
858,train,5.9558,0.0010,21.10,5.6290,20.68,9880,717.0,16.779,16.770,nan,nan
859,train,6.2761,0.0103,11.33,5.9401,7.71,8601,717.7,12.753,12.751,nan,nan
860,train,5.1471,0.0132,7.54,4.9548,7.62,9596,718.5,3.234,3.136,nan,nan
861,train,6.5668,0.0015,16.70,6.4678,13.05,10678,719.2,15.898,15.896,nan,nan
862,train,5.7839,0.0015,15.30,5.5357,8.10,8654,720.0,15.362,15.354,nan,nan
863,train,5.9710,0.0072,14.86,5.5215,15.27,9204,720.7,14.066,14.029,nan,nan
864,train,5.5008,0.0162,10.69,5.2501,11.00,10438,721.5,8.413,8.406,nan,nan
865,train,5.4060,0.0085,9.11,5.0717,6.41,7489,722.2,10.073,10.004,nan,nan
866,train,6.4409,0.0012,18.03,6.2288,12.17,7639,723.0,17.086,17.064,nan,nan
867,train,5.2839,0.0031,11.20,4.8526,10.16,8754,723.7,4.765,4.710,nan,nan
868,train,5.4721,0.0174,10.59,5.0912,11.06,10316,724.5,7.686,7.669,nan,nan
869,train,5.9631,0.0004,18.56,5.7333,19.28,10493,725.2,13.636,13.625,nan,nan
870,train,5.7088,0.0106,13.75,5.2821,11.20,7719,726.0,11.914,11.886,nan,nan
871,train,5.3261,0.0061,7.22,5.1303,4.24,8055,726.7,8.419,8.406,nan,nan
872,train,6.4120,0.0419,20.59,5.8876,23.98,10134,727.4,18.883,18.874,nan,nan
873,train,5.9149,0.0061,15.32,5.5379,10.07,8580,728.2,10.233,10.133,nan,nan
874,train,6.0249,0.0012,11.43,5.7900,10.80,7690,728.9,9.345,9.329,nan,nan
875,train,5.6935,0.0011,12.21,5.5573,11.68,7540,729.7,7.169,7.144,nan,nan
876,train,5.7568,0.0019,13.11,5.5227,16.66,9929,730.4,9.871,9.840,nan,nan
877,train,5.5567,0.0157,11.73,4.9581,8.32,8152,731.2,9.274,9.272,nan,nan
878,train,5.7720,0.0277,16.93,5.2855,18.04,9092,731.9,15.151,15.149,nan,nan
879,train,5.6273,0.0102,12.40,5.4020,10.06,10009,732.7,10.115,10.038,nan,nan
880,train,6.9303,0.0001,29.64,6.8904,32.92,9346,733.4,24.089,24.064,nan,nan
881,train,5.5229,0.0099,11.34,5.0931,4.41,8871,734.2,7.757,7.755,nan,nan
882,train,5.4719,0.0611,13.40,5.0642,11.00,10023,734.9,10.449,10.436,nan,nan
883,train,5.2922,0.0147,7.72,4.8844,3.41,8886,735.7,5.453,5.392,nan,nan
884,train,6.0018,0.0006,19.48,6.0129,22.98,7838,736.4,13.807,13.802,nan,nan
885,train,6.3805,0.0130,18.55,6.1420,18.64,10662,737.2,12.820,12.792,nan,nan
886,train,6.4324,0.0073,17.15,6.3512,18.09,11630,737.9,16.119,16.117,nan,nan
887,train,5.7703,0.0011,13.43,5.5914,11.49,10146,738.7,11.036,11.034,nan,nan
888,train,6.0110,0.0043,15.28,5.6180,14.65,8402,739.4,7.802,7.707,nan,nan
889,train,6.0922,0.0023,17.16,5.9202,15.03,7504,740.2,13.663,13.657,nan,nan
890,train,6.1976,0.0238,14.60,5.9775,14.14,9249,740.9,12.837,12.805,nan,nan
891,train,5.5913,0.0010,10.93,5.2907,8.12,8050,741.7,8.883,8.863,nan,nan
892,train,6.6917,0.0001,26.32,6.4253,26.36,8151,742.4,21.208,21.201,nan,nan
893,train,6.0868,0.0470,15.49,5.7664,10.00,8413,743.1,10.899,10.847,nan,nan
894,train,6.3808,0.0013,13.38,6.1646,15.67,7796,743.9,13.849,13.817,nan,nan
895,train,6.3065,0.0010,16.19,6.1168,14.61,8675,744.6,12.510,12.487,nan,nan
896,train,5.4515,0.0411,8.53,4.9716,6.12,10426,745.4,6.872,6.869,nan,nan
897,train,6.0536,0.0274,13.88,5.9105,14.52,7525,746.1,11.755,11.743,nan,nan
898,train,5.6735,0.0097,11.40,5.3408,12.22,9932,746.9,8.362,8.318,nan,nan
899,train,5.9942,0.0000,21.72,5.6833,20.41,9675,747.6,18.395,18.395,nan,nan
900,train,5.8988,0.0018,17.19,5.4619,16.20,9326,748.4,11.064,11.062,nan,nan
901,train,6.8979,0.0000,24.45,6.5978,26.54,9382,749.1,19.686,19.669,nan,nan
902,train,6.1732,0.0009,12.79,5.7811,12.68,6868,749.9,11.397,11.392,nan,nan
903,train,5.3889,0.1068,8.76,5.3036,6.40,7894,750.6,8.329,8.304,nan,nan
904,train,5.7178,0.0023,14.16,5.3137,16.31,7421,751.4,13.181,13.179,nan,nan
905,train,5.9903,0.0404,17.31,5.5833,14.04,8631,752.1,14.500,14.484,nan,nan
906,train,5.0186,0.0446,10.67,4.6647,13.45,9143,752.9,7.180,7.177,nan,nan
907,train,5.8658,0.0013,10.11,5.6480,9.10,8192,753.6,8.521,8.480,nan,nan
908,train,6.4071,0.0001,15.35,6.2554,15.30,6721,754.4,14.523,14.520,nan,nan
909,train,6.5096,0.0071,13.26,6.1441,12.26,11603,755.1,15.122,15.099,nan,nan
910,train,5.4779,0.0696,9.83,5.0182,5.10,9261,755.9,5.334,5.300,nan,nan
911,train,5.2240,0.0174,7.76,5.1030,5.06,9331,756.6,5.677,5.667,nan,nan
912,train,5.2950,0.0117,7.68,5.0683,3.24,7699,757.3,1.541,1.441,nan,nan
913,train,6.0822,0.0296,21.78,5.7062,21.44,8555,758.1,15.285,15.273,nan,nan
914,train,6.9562,0.0000,20.82,6.8537,21.64,9931,758.8,20.422,20.419,nan,nan
915,train,6.5162,0.0222,17.79,6.1586,17.08,8632,759.6,17.513,17.511,nan,nan
916,train,6.1206,0.0005,19.30,5.7186,24.62,8793,760.3,15.779,15.607,nan,nan
917,train,4.6708,0.0286,5.44,4.3300,4.41,7854,761.1,2.384,2.319,nan,nan
918,train,5.9198,0.0015,14.39,5.5791,12.15,7785,761.8,12.771,12.755,nan,nan
919,train,5.6520,0.0289,14.49,5.3559,15.10,9601,762.6,13.227,13.210,nan,nan
920,train,5.8570,0.0019,11.59,5.6013,10.53,10806,763.3,9.664,9.615,nan,nan
921,train,6.3882,0.0002,14.43,6.2881,14.05,10289,764.1,12.806,12.795,nan,nan
922,train,5.6559,0.0003,23.32,5.2375,25.33,8657,764.8,18.440,18.403,nan,nan
923,train,6.5143,0.0046,16.68,5.9006,14.24,9358,765.6,14.516,14.508,nan,nan
924,train,6.2419,0.0000,15.38,5.8235,13.42,7723,766.3,14.842,14.798,nan,nan
925,train,5.0742,0.0572,9.74,4.8831,9.54,10249,767.1,5.600,5.579,nan,nan
926,train,6.9027,0.0000,19.77,6.5886,16.84,11656,767.8,18.580,18.573,nan,nan
927,train,4.9232,0.0320,6.10,4.5779,5.24,8158,768.6,5.168,5.112,nan,nan
928,train,5.6348,0.0027,14.64,5.3333,13.04,8416,769.3,11.488,11.459,nan,nan
929,train,6.3303,0.0000,19.28,5.9633,17.81,8439,770.1,17.475,17.446,nan,nan
930,train,6.2531,0.0060,16.33,6.0371,9.08,8855,770.8,14.468,14.452,nan,nan
931,train,5.3662,0.0063,8.79,4.7586,6.16,9976,771.6,4.787,4.752,nan,nan
932,train,6.1125,0.0004,12.35,5.8826,12.37,8262,772.3,12.729,12.725,nan,nan
933,train,6.4490,0.0002,18.55,6.1428,16.29,8664,773.0,15.977,15.977,nan,nan
934,train,7.0267,0.0001,20.40,6.8662,17.09,9187,773.8,18.029,18.025,nan,nan
935,train,6.3406,0.0044,20.20,5.9191,20.03,9214,774.5,18.529,18.526,nan,nan
936,train,5.3023,0.0034,10.15,5.2019,8.70,7973,775.3,7.635,7.612,nan,nan
937,train,5.5312,0.0084,9.19,5.2348,8.60,8772,776.0,8.375,8.370,nan,nan
938,train,5.7987,0.0035,10.59,5.4936,10.40,9723,776.8,6.261,6.009,nan,nan
939,train,5.3840,0.0053,10.38,5.1201,5.24,8521,777.5,7.829,7.814,nan,nan
940,train,6.5343,0.0007,13.17,6.2282,12.21,9416,778.3,13.035,13.034,nan,nan
941,train,5.0537,0.0165,6.84,4.6674,3.41,8436,779.0,4.380,4.313,nan,nan
942,train,6.5133,0.0002,18.33,6.3120,19.85,10236,779.8,16.909,16.899,nan,nan
943,train,6.9830,0.0003,20.92,6.6734,25.06,7777,780.5,17.073,17.071,nan,nan
944,train,5.6288,0.0001,12.96,5.4590,10.30,7456,781.3,8.180,8.108,nan,nan
945,train,7.4457,0.0000,22.26,6.9548,22.28,9193,782.0,19.451,19.449,nan,nan
946,train,6.6512,0.0003,23.05,6.2418,26.79,10234,782.8,21.383,21.375,nan,nan
947,train,5.6136,0.0022,13.78,5.4433,15.66,8570,783.5,10.485,10.485,nan,nan
948,train,5.4981,0.0040,9.02,5.2102,7.00,10631,784.3,6.534,6.533,nan,nan
949,train,5.3211,0.0207,9.65,5.0120,10.89,10011,785.0,2.867,2.738,nan,nan
950,train,5.7407,0.0001,13.59,5.2607,10.20,10564,785.8,10.694,10.661,nan,nan
951,train,5.9703,0.0066,10.92,5.6549,12.87,11204,786.5,11.407,11.403,nan,nan
952,train,5.7170,0.0052,11.66,5.6003,8.60,7473,787.3,8.358,8.255,nan,nan
953,train,6.2502,0.0005,16.07,5.8495,13.18,8634,788.0,12.463,12.455,nan,nan
954,train,6.5526,0.0003,23.13,6.3742,24.17,10160,788.8,19.932,19.917,nan,nan
955,train,6.3669,0.0036,13.54,6.1446,12.71,8090,789.5,10.414,10.151,nan,nan
956,train,6.0223,0.0002,13.39,5.7484,8.26,9112,790.3,10.345,10.336,nan,nan
957,train,5.9803,0.0045,17.87,5.4820,17.64,8303,791.0,15.611,15.594,nan,nan
958,train,6.5401,0.0007,19.74,6.2837,20.62,7662,791.8,15.330,15.329,nan,nan
959,train,6.2864,0.0012,23.38,6.1121,19.30,10834,792.5,19.918,19.913,nan,nan
960,train,5.1956,0.0521,10.17,4.9881,10.57,11219,793.3,7.445,7.408,nan,nan
961,train,5.5515,0.0087,9.05,5.1224,7.10,9705,794.0,5.757,5.726,nan,nan
962,train,6.3601,0.0004,17.93,6.1394,18.70,8325,794.8,14.489,14.451,nan,nan
963,train,4.8648,0.0551,6.15,4.5750,6.00,8997,795.5,2.598,2.564,nan,nan
964,train,6.6026,0.0002,15.78,6.3691,14.89,8438,796.2,9.953,9.928,nan,nan
965,train,5.4968,0.0554,13.27,5.3566,9.22,8070,797.0,12.129,12.108,nan,nan
966,train,6.0508,0.0010,18.74,5.8113,20.77,10510,797.7,13.168,13.106,nan,nan
967,train,6.0931,0.0342,12.98,5.6688,9.49,10839,798.5,13.903,13.897,nan,nan
968,train,6.6157,0.0010,15.52,6.4408,13.44,10214,799.2,13.883,13.878,nan,nan
969,train,5.9356,0.0008,17.38,5.5048,16.06,7611,800.0,15.669,15.646,nan,nan
970,train,6.9303,0.0001,15.57,6.7146,12.17,10537,800.7,17.767,17.760,nan,nan
971,train,5.6705,0.0044,12.09,5.4559,12.08,9082,801.5,9.041,9.030,nan,nan
972,train,5.7283,0.0048,15.85,5.4364,20.44,9744,802.2,13.000,12.997,nan,nan
973,train,6.7828,0.0003,17.27,6.6996,13.06,7534,803.0,17.508,17.498,nan,nan
974,train,7.1220,0.0005,23.07,6.4277,19.98,8583,803.7,21.099,21.071,nan,nan
975,train,5.4530,0.0198,11.54,5.2004,15.32,8854,804.5,9.438,9.426,nan,nan
976,train,6.0773,0.0002,18.61,5.9337,13.47,12507,805.2,15.552,15.552,nan,nan
977,train,6.2850,0.0009,14.00,6.1865,13.28,8698,806.0,12.549,12.481,nan,nan
978,train,5.7402,0.0032,12.26,5.4210,18.31,8859,806.7,9.789,9.774,nan,nan
979,train,6.5289,0.0014,19.87,6.5782,24.97,8370,807.5,17.447,17.396,nan,nan
980,train,5.7470,0.0242,11.22,5.6687,8.56,10082,808.2,10.604,10.589,nan,nan
981,train,5.9142,0.0022,13.79,5.7310,12.81,9961,809.0,10.635,10.581,nan,nan
982,train,6.3322,0.0002,16.37,6.2938,19.27,9570,809.7,17.353,17.349,nan,nan
983,train,6.4790,0.0000,16.15,6.3323,17.26,8910,810.5,16.909,16.872,nan,nan
984,train,5.4549,0.0114,8.55,5.1361,8.55,7459,811.2,5.460,5.455,nan,nan
985,train,6.3729,0.0004,19.23,6.3163,20.28,9176,812.0,15.511,15.503,nan,nan
986,train,5.8356,0.0023,15.83,5.6134,8.94,7492,812.7,14.266,14.265,nan,nan
987,train,7.0012,0.0000,24.77,6.6800,23.24,7717,813.4,21.854,21.851,nan,nan
988,train,5.4709,0.0373,14.46,5.0924,13.81,7900,814.2,9.243,9.240,nan,nan
989,train,6.1215,0.0025,13.39,5.7897,11.29,7092,814.9,9.023,8.968,nan,nan
990,train,5.1679,0.0070,9.91,5.0660,6.36,10873,815.7,6.275,6.249,nan,nan
991,train,7.1964,0.0000,27.06,6.8898,27.58,7325,816.4,22.527,22.525,nan,nan
992,train,5.9263,0.0018,20.30,5.6180,22.17,7827,817.2,13.496,13.496,nan,nan
993,train,5.5222,0.0085,11.71,5.3365,11.19,8972,817.9,8.057,8.050,nan,nan
994,train,6.3924,0.0106,16.98,6.1709,19.56,8370,818.7,12.299,12.294,nan,nan
995,train,6.5649,0.0037,15.71,6.3813,12.71,8455,819.4,10.719,10.713,nan,nan
996,train,5.7935,0.0225,12.08,5.6177,9.31,8208,820.2,14.838,14.799,nan,nan
997,train,5.5361,0.0169,8.45,5.2940,6.24,7416,820.9,5.198,5.149,nan,nan
998,train,5.8835,0.0031,14.58,5.5245,14.33,8361,821.6,11.491,11.480,nan,nan
999,train,6.4800,0.0003,16.63,6.1071,15.62,7651,822.4,13.447,13.444,nan,nan
1000,train,5.6027,0.0011,10.45,5.3728,7.62,9520,823.1,7.859,7.858,nan,nan
1000,val,5.9004,0.0092,13.89,5.6443,13.63,884448,892.3,11.583,11.562,nan,nan
1001,train,5.0332,0.0075,7.62,4.7529,3.24,8450,893.7,5.272,5.207,nan,nan
1002,train,5.8085,0.0052,13.63,5.5797,8.00,8432,894.4,14.086,14.085,nan,nan
1003,train,5.9818,0.0008,14.37,5.6493,14.16,9876,895.2,12.457,12.404,nan,nan
1004,train,5.2063,0.0257,7.85,4.9080,7.12,8120,895.9,5.590,5.581,nan,nan
1005,train,5.6890,0.0091,9.79,5.4544,9.22,8909,896.7,4.807,4.779,nan,nan
1006,train,5.9451,0.0036,15.91,5.7257,20.63,7022,897.4,13.530,13.441,nan,nan
1007,train,6.1191,0.0010,14.14,6.0070,13.69,7160,898.2,13.683,13.675,nan,nan
1008,train,6.0354,0.0069,13.42,5.7590,14.47,8747,898.9,10.349,10.343,nan,nan
1009,train,6.5721,0.0009,15.95,6.4740,17.28,8644,899.6,13.522,13.517,nan,nan
1010,train,6.2441,0.0010,14.26,6.0147,13.15,8871,900.4,10.538,10.504,nan,nan
1011,train,5.9403,0.0028,17.42,5.6615,17.28,10198,901.1,9.925,9.914,nan,nan
1012,train,5.5261,0.0043,11.94,5.2686,14.13,8407,901.9,10.254,10.249,nan,nan
1013,train,5.9033,0.0025,11.67,5.6176,12.08,8028,902.6,10.265,10.184,nan,nan
1014,train,6.1151,0.0006,15.91,5.7987,15.05,9885,903.4,13.964,13.897,nan,nan
1015,train,6.1135,0.0009,12.17,5.9640,9.45,10546,904.1,11.896,11.893,nan,nan
1016,train,5.6031,0.0057,13.14,4.8410,11.05,8431,904.9,9.818,9.806,nan,nan
1017,train,5.7138,0.0029,9.32,5.4013,7.73,9177,905.6,8.894,8.841,nan,nan
1018,train,5.9679,0.0026,11.62,5.3196,14.44,8483,906.4,11.584,11.440,nan,nan
1019,train,6.1620,0.0087,16.10,5.9118,18.94,9177,907.1,16.908,16.901,nan,nan
1020,train,5.9228,0.0026,10.30,5.8655,8.60,7710,907.9,9.374,9.365,nan,nan
1021,train,5.1231,0.0442,14.47,4.7170,10.00,8629,908.6,12.692,12.667,nan,nan
1022,train,5.7760,0.0224,9.07,5.7552,6.10,11125,909.4,6.754,6.638,nan,nan
1023,train,5.6509,0.0211,11.80,5.3074,12.67,7666,910.1,11.812,11.807,nan,nan
1024,train,5.7799,0.0065,12.93,5.6311,14.39,7580,910.9,6.884,6.873,nan,nan
1025,train,6.2846,0.0910,13.03,5.8303,9.06,10257,911.6,10.799,10.794,nan,nan
1026,train,5.9759,0.0005,13.70,5.7121,15.65,9940,912.4,11.077,10.904,nan,nan
1027,train,5.3632,0.0109,10.45,4.9139,9.31,8457,913.1,6.601,6.557,nan,nan
1028,train,6.7700,0.0001,16.43,6.4556,15.46,9722,913.9,14.644,14.632,nan,nan
1029,train,6.2946,0.0003,18.25,5.9089,21.40,8647,914.6,13.790,13.675,nan,nan
1030,train,7.1910,0.0002,19.73,6.9256,23.14,8188,915.4,19.057,19.053,nan,nan
1031,train,5.8141,0.0208,11.32,5.5132,9.06,9733,916.1,10.762,10.744,nan,nan
1032,train,6.9458,0.0001,20.43,6.6529,19.32,9483,916.8,17.859,17.855,nan,nan
1033,train,5.8917,0.0160,13.72,5.4550,12.00,10323,917.6,12.805,12.788,nan,nan
1034,train,5.8567,0.0197,14.50,5.3521,12.46,10400,918.4,11.919,11.914,nan,nan
1035,train,5.8025,0.0023,12.11,5.3448,11.22,7477,919.1,7.167,7.147,nan,nan
1036,train,5.0222,0.0678,10.07,4.8647,9.22,8360,919.8,6.984,6.973,nan,nan
1037,train,5.8451,0.0038,11.99,5.6424,11.91,8872,920.6,9.947,9.940,nan,nan
1038,train,6.2415,0.0016,15.93,5.8691,11.22,8065,921.3,12.146,12.129,nan,nan
1039,train,6.4854,0.0000,18.60,6.1750,16.55,9186,922.1,16.760,16.747,nan,nan
1040,train,6.2961,0.0004,18.04,6.0716,21.05,7446,922.8,18.148,18.143,nan,nan
1041,train,5.7693,0.0027,11.59,5.5836,12.71,8231,923.6,10.046,10.038,nan,nan
1042,train,6.8084,0.0000,24.72,6.6148,26.48,8057,924.3,22.187,22.179,nan,nan
1043,train,6.2617,0.0001,18.93,5.9332,19.00,8028,925.1,17.741,17.739,nan,nan
1044,train,6.0128,0.0004,12.56,5.7517,10.21,7773,925.8,9.453,9.446,nan,nan
1045,train,6.3204,0.0007,18.93,6.1545,19.48,7572,926.6,13.208,13.005,nan,nan
1046,train,5.6697,0.0056,11.39,5.4617,11.07,9803,927.3,6.429,6.417,nan,nan
1047,train,6.4702,0.0000,17.40,6.2835,16.43,8912,928.1,16.832,16.811,nan,nan
1048,train,6.3440,0.0003,19.50,5.9705,16.91,9298,928.8,15.476,15.475,nan,nan
1049,train,5.8780,0.0022,11.63,5.5431,10.30,8676,929.6,10.795,10.788,nan,nan
1050,train,6.0694,0.0023,22.30,5.9839,16.49,8959,930.3,17.692,17.683,nan,nan
1051,train,6.1517,0.0002,12.83,6.0118,7.24,10896,931.0,7.328,7.306,nan,nan
1052,train,5.0394,0.0522,7.52,4.6800,6.10,9233,931.8,5.582,5.572,nan,nan
1053,train,6.5219,0.0002,21.29,6.2206,21.58,9383,932.5,20.367,20.359,nan,nan
1054,train,6.6656,0.0009,16.70,6.2349,15.00,7431,933.3,16.937,16.930,nan,nan
1055,train,5.7926,0.0012,11.12,5.4098,6.36,9428,934.0,9.809,9.789,nan,nan
1056,train,5.3412,0.0105,10.14,5.1985,9.28,8651,934.8,4.596,4.536,nan,nan
1057,train,5.5732,0.0009,11.18,5.4436,11.98,8706,935.5,4.656,4.655,nan,nan
1058,train,6.6700,0.0075,17.83,5.6316,11.61,8423,936.3,16.584,16.579,nan,nan
1059,train,6.0123,0.0060,13.98,5.5696,20.04,9345,937.0,14.169,14.125,nan,nan
1060,train,6.0899,0.0002,20.47,6.0383,20.67,8573,937.8,16.504,16.501,nan,nan
1061,train,6.6787,0.0010,16.50,6.7644,17.70,9988,938.5,15.933,15.929,nan,nan
1062,train,5.8103,0.0016,16.97,5.5932,17.16,8204,939.3,11.361,11.360,nan,nan
1063,train,6.6316,0.0017,20.70,6.3713,16.16,9044,940.0,15.984,15.979,nan,nan
1064,train,5.5993,0.0009,10.48,5.3615,12.49,9123,940.8,10.189,10.178,nan,nan
1065,train,5.7939,0.0068,12.03,5.6353,13.89,10727,941.5,11.244,11.236,nan,nan
1066,train,6.5042,0.0000,22.39,6.1932,18.99,9460,942.3,19.040,19.026,nan,nan
1067,train,5.6779,0.0218,13.79,4.9760,12.66,9190,943.0,10.680,10.319,nan,nan
1068,train,5.4010,0.0042,12.00,5.0770,12.38,10382,943.8,6.750,6.743,nan,nan
1069,train,5.7381,0.0017,11.63,5.5504,9.57,9183,944.5,9.348,9.341,nan,nan
1070,train,5.0847,0.0198,8.71,4.7604,7.25,7741,945.2,9.086,9.085,nan,nan
1071,train,5.6207,0.0101,11.32,5.4905,9.85,9859,946.0,12.748,12.745,nan,nan
1072,train,5.4357,0.0042,9.59,5.2478,10.71,10702,946.7,6.823,6.817,nan,nan
1073,train,6.0515,0.0004,14.89,5.7619,12.24,7536,947.5,15.416,15.391,nan,nan
1074,train,5.2089,0.0419,9.22,4.9358,7.62,8001,948.2,9.447,9.433,nan,nan
1075,train,6.1622,0.0001,14.11,5.9555,12.19,9339,949.0,12.563,12.538,nan,nan
1076,train,5.6466,0.0056,12.50,5.4420,11.44,8233,949.7,10.705,10.694,nan,nan
1077,train,5.8111,0.0062,10.66,5.6672,7.74,8563,950.5,9.203,9.203,nan,nan
1078,train,5.6393,0.0067,11.54,5.4885,8.32,11581,951.2,9.374,9.372,nan,nan
1079,train,6.6032,0.0003,21.09,6.3662,21.10,9668,952.0,18.604,18.595,nan,nan
1080,train,5.5008,0.0006,12.66,5.4082,11.19,8060,952.7,9.658,9.655,nan,nan
1081,train,4.9670,0.0719,6.58,4.6383,6.00,8516,953.5,7.067,7.061,nan,nan
1082,train,6.2184,0.0063,18.55,6.0224,19.21,7904,954.2,15.496,15.495,nan,nan
1083,train,7.0515,0.0000,20.31,6.7413,21.15,7286,955.0,17.605,17.601,nan,nan
1084,train,5.6425,0.0293,14.97,5.4221,22.28,7231,955.7,16.137,16.136,nan,nan
1085,train,6.8165,0.0000,17.20,6.3723,16.28,7777,956.5,16.900,16.899,nan,nan
1086,train,6.7663,0.0003,26.65,6.4600,25.52,7091,957.2,23.433,23.432,nan,nan
1087,train,5.6617,0.0023,11.68,5.2248,11.71,7712,957.9,12.019,12.008,nan,nan
1088,train,5.7224,0.0035,12.40,5.4183,14.08,8400,958.7,10.551,10.533,nan,nan
1089,train,6.5499,0.0004,17.09,6.5676,16.28,7325,959.4,16.561,16.545,nan,nan
1090,train,6.0087,0.0007,14.84,5.8621,13.70,8446,960.2,13.393,13.382,nan,nan
1091,train,6.1755,0.0002,9.88,5.8586,8.39,10723,960.9,7.602,7.563,nan,nan
1092,train,5.3270,0.0100,9.31,5.1678,7.08,8788,961.7,6.125,6.059,nan,nan
1093,train,5.6422,0.0037,13.41,5.2761,14.65,10050,962.4,8.719,8.707,nan,nan
1094,train,5.8653,0.0014,11.39,5.8939,12.54,9027,963.2,6.636,6.627,nan,nan
1095,train,5.4028,0.0026,9.85,5.1412,5.06,8056,963.9,5.687,5.681,nan,nan
1096,train,5.4720,0.0055,9.82,5.2395,5.24,8330,964.7,6.048,6.042,nan,nan
1097,train,5.0410,0.0439,7.42,4.8862,3.65,8452,965.4,7.890,7.885,nan,nan
1098,train,6.9878,0.0009,19.43,6.8212,9.90,9139,966.2,17.644,17.642,nan,nan
1099,train,6.9094,0.0002,20.44,6.5789,18.60,11582,966.9,17.591,17.589,nan,nan
1100,train,6.0359,0.0004,17.86,5.5349,15.39,9840,967.7,15.809,15.807,nan,nan
1101,train,5.9819,0.0029,13.72,5.6640,14.60,11902,968.4,10.201,10.190,nan,nan
1102,train,5.5653,0.0266,12.28,5.4403,10.63,8934,969.2,11.005,11.004,nan,nan
1103,train,5.7247,0.0042,14.43,5.5928,13.21,9388,969.9,9.269,9.254,nan,nan
1104,train,5.7867,0.0007,15.73,5.6558,12.00,10013,970.7,11.450,11.450,nan,nan
1105,train,5.4974,0.0116,12.16,5.3448,8.25,9574,971.4,9.287,9.281,nan,nan
1106,train,4.7896,0.0642,8.67,4.4849,9.31,8745,972.2,6.270,6.269,nan,nan
1107,train,6.8117,0.0001,24.47,6.7769,27.15,8669,972.9,22.807,22.803,nan,nan
1108,train,6.0936,0.0007,14.20,5.6940,8.16,8700,973.7,11.918,11.913,nan,nan
1109,train,6.6493,0.0009,21.95,6.2971,23.89,8648,974.4,19.485,19.483,nan,nan
1110,train,5.3883,0.0114,8.28,5.1072,3.24,11123,975.2,6.547,6.545,nan,nan
1111,train,5.6519,0.0273,10.36,5.3668,8.21,7182,975.9,9.392,9.385,nan,nan
1112,train,5.2037,0.0112,11.29,4.7212,11.85,7502,976.6,6.779,6.737,nan,nan
1113,train,5.6216,0.0054,13.18,5.5555,12.68,9387,977.4,11.599,11.542,nan,nan
1114,train,5.6136,0.0034,14.05,5.4995,23.24,10150,978.1,9.843,9.841,nan,nan
1115,train,6.2925,0.0006,16.10,6.2306,13.25,9821,978.9,15.337,15.337,nan,nan
1116,train,5.8177,0.0015,12.46,5.6349,10.10,11032,979.6,8.005,7.999,nan,nan
1117,train,6.5508,0.0002,20.82,6.1299,24.37,8188,980.4,18.412,18.411,nan,nan
1118,train,5.1914,0.0222,7.99,4.9227,2.00,7698,981.1,3.546,3.534,nan,nan
1119,train,5.7920,0.0012,18.04,5.5109,18.99,10678,981.9,16.856,16.851,nan,nan
1120,train,5.9032,0.0157,13.80,5.2678,12.07,10115,982.6,14.068,14.068,nan,nan
1121,train,5.4229,0.0060,11.99,5.1057,13.09,11028,983.4,12.571,12.564,nan,nan
1122,train,6.0824,0.0075,14.21,5.8802,12.81,10454,984.1,11.604,11.602,nan,nan
1123,train,5.3977,0.0045,8.72,5.0395,7.08,8870,984.9,6.209,6.182,nan,nan
1124,train,5.1389,0.0025,11.08,4.7549,9.06,8384,985.6,8.196,8.195,nan,nan
1125,train,5.6255,0.0380,12.75,5.3043,8.54,10772,986.4,12.641,12.641,nan,nan
1126,train,5.9408,0.0007,16.83,5.7539,18.54,9467,987.1,12.484,12.478,nan,nan
1127,train,6.0885,0.0007,19.49,5.7653,12.96,10018,987.9,14.427,14.423,nan,nan
1128,train,5.7626,0.0025,11.97,5.6514,10.48,10748,988.6,9.883,9.880,nan,nan
1129,train,5.9132,0.0085,15.99,5.4978,14.34,10939,989.4,14.413,14.410,nan,nan
1130,train,5.6594,0.0065,11.30,5.3702,9.31,9594,990.1,11.942,11.933,nan,nan
1131,train,8.7230,0.0000,31.03,8.4817,29.65,8070,990.9,28.076,28.063,nan,nan
1132,train,6.1371,0.0027,15.06,5.9332,20.85,8823,991.6,15.249,15.247,nan,nan
1133,train,6.1790,0.0017,12.97,5.7142,13.60,9980,992.4,12.024,12.010,nan,nan
1134,train,5.1758,0.0168,7.72,4.9025,5.84,9004,993.1,6.391,6.390,nan,nan
