frame_id,year,method,gt_e,gt_n,gt_yaw,crop_rot_deg,centre_guess_m,rho_deg,yaw_r_deg,heading,ok,pred_e,pred_n,pred_yaw,err_m,err_deg,error
2095057974553082,2025,fg2,360026.3821716677,504344.61452205386,81.42574118763453,2.725570345245515,6.078716834144202,0.0,-8.055532455444336,prior,True,360022.60508934327,504347.56838762335,76.09577875016905,4.794963262444784,5.329962437465497,
2095057974553082,2024,fg2,360026.3821716677,504344.61452205386,81.42574118763453,2.725570345245515,6.078716834144202,0.0,-3.8686766624450684,prior,True,360024.7736235254,504343.66985022114,80.28263496465563,1.8654307807207613,1.1431062229789006,
2134127433808624,2025,fg2,360032.84761322686,504307.9422390545,69.43286538919972,2.7334306631946674,11.661891745019847,0.0,-4.350913047790527,prior,True,360030.69260028756,504309.37313094817,67.81538310742499,2.5867996404768467,1.617482281774727,
2134127433808624,2024,fg2,360032.84761322686,504307.9422390545,69.43286538919972,2.7334306631946674,11.661891745019847,0.0,-6.178262710571289,prior,True,360029.8829233644,504310.1630349818,65.98803268506515,3.7042300861825983,3.444832704134569,
28398706986416513,2025,fg2,360060.1043976202,504303.69896460697,354.88874202101726,-0.9760247201908214,15.006479104534213,0.0,1.4544090032577515,prior,True,360059.0979340017,504301.2497772415,355.36712625277687,2.647921404902858,0.4783842317596054,
28398706986416513,2024,fg2,360060.1043976202,504303.69896460697,354.88874202101726,-0.9760247201908214,15.006479104534213,0.0,1.7782502174377441,prior,True,360059.4931950778,504301.24614315416,355.6909675318128,2.5278254740349344,0.8022255107955516,
1100804636233191,2025,fg2,360094.6966482403,504308.69749890827,349.42166902017294,-2.161816277693731,21.24791738217679,0.0,3.7531609535217285,prior,True,360080.3274802544,504306.2039063795,351.0130140001408,14.583929247872323,1.5913449799678574,
1100804636233191,2024,fg2,360094.6966482403,504308.69749890827,349.42166902017294,-2.161816277693731,21.24791738217679,0.0,10.12955093383789,prior,True,360078.54410300707,504304.39051085146,357.38940337479033,16.716903530076916,7.9677343546173915,
1794136951725433,2025,fg2,360128.5122393634,504314.32278087456,350.37814580786244,-5.31579783024938,18.831871251631615,0.0,2.886394739151001,prior,True,360123.49296766345,504312.48760838335,347.9487426998916,5.344244237527349,2.4294031079708134,
1794136951725433,2024,fg2,360128.5122393634,504314.32278087456,350.37814580786244,-5.31579783024938,18.831871251631615,0.0,9.948657035827637,prior,True,360125.8425442419,504309.4373479482,355.0110057074132,5.567290806084881,4.632859899550738,
2250285992180932,2025,fg2,360142.6419883799,504291.9622382168,80.71202241156853,-8.90746811004847,30.21488618115079,0.0,8.997461318969727,prior,True,360152.71444444254,504308.6153620613,80.80201628136152,19.462294441185854,0.08999386979297697,
2250285992180932,2024,fg2,360142.6419883799,504291.9622382168,80.71202241156853,-8.90746811004847,30.21488618115079,0.0,4.882308006286621,prior,True,360154.1017579458,504309.6701844337,76.68686285352105,21.092597699784264,4.025159558047477,
1113377307836084,2025,fg2,360152.59731493844,504260.3036048608,31.148380222847756,-2.1963602555590036,17.530503018157212,0.0,-1.6916862726211548,prior,True,360152.4656722823,504260.7623645769,27.260333577646882,0.47727378521262226,3.888046645200859,
1113377307836084,2024,fg2,360152.59731493844,504260.3036048608,31.148380222847756,-2.1963602555590036,17.530503018157212,0.0,-0.2098870724439621,prior,True,360152.8912010745,504259.82088555984,28.742132889404736,0.565143330934608,2.4062473334430194,
2163701757795311,2025,fg2,360185.94907221664,504266.20596416295,348.4601985591976,-3.8132556254095675,26.62386681226079,0.0,21.192392349243164,prior,True,360175.5052361752,504264.4333312646,5.839334617071586,10.593202473884432,17.379136057874007,
2163701757795311,2024,fg2,360185.94907221664,504266.20596416295,348.4601985591976,-3.8132556254095675,26.62386681226079,0.0,13.334722518920898,prior,True,360179.26321819617,504264.06201814103,357.9816662419363,7.021192813753919,9.521467682738717,
1407730031543039,2025,fg2,360163.45460668084,504260.85942704603,167.10602898892608,3.2101088841156695,16.20263947224276,0.0,-2.871554374694824,prior,True,360161.99929695344,504262.03263470286,167.44458342780734,1.8693160804742914,0.33855443888126047,
1407730031543039,2024,fg2,360163.45460668084,504260.85942704603,167.10602898892608,3.2101088841156695,16.20263947224276,0.0,-4.646042346954346,prior,True,360162.9480643138,504261.03516844084,165.67009506509447,0.5361624823326234,1.4359339238316124,
4644665985853547,2025,fg2,360145.23046914255,504280.3795425352,256.1522303114766,-0.6694210753320533,6.890667594968546,0.0,0.3270739018917084,prior,True,360143.9912826454,504280.72999808955,255.8098831516639,1.287789684058628,0.3423471598127037,
4644665985853547,2024,fg2,360145.23046914255,504280.3795425352,256.1522303114766,-0.6694210753320533,6.890667594968546,0.0,1.3023377656936646,prior,True,360145.33418144647,504280.1508625989,256.7851470163344,0.2510990944470574,0.6329167048577915,
2298484727642838,2025,fg2,360140.65024008346,504313.04823736195,285.4108410359246,8.674834325535244,29.29750458347407,0.0,-7.457212924957275,prior,True,360118.894834976,504307.78858191374,286.628461033822,22.382172075633317,1.2176199978974296,
2298484727642838,2024,fg2,360140.65024008346,504313.04823736195,285.4108410359246,8.674834325535244,29.29750458347407,0.0,4.355409145355225,prior,True,360109.71239006,504302.3117458306,298.4410848310268,32.74786732714503,13.030243795102194,
978411255289595,2025,fg2,360172.54386717896,504320.6193851456,353.22410338906485,-8.74934191626511,10.215259135897133,0.0,7.486201763153076,prior,True,360171.73220886954,504319.61711497355,351.9609634319095,1.2897033414918768,1.2631399571553743,
978411255289595,2024,fg2,360172.54386717896,504320.6193851456,353.22410338906485,-8.74934191626511,10.215259135897133,0.0,7.848550319671631,prior,True,360172.7198910365,504318.0323943273,352.3233111875208,2.592972404888912,0.9007922015440499,
1394833675537922,2025,fg2,360205.21622605325,504314.60090983845,23.92590491563239,5.465485206348241,24.07275643370788,0.0,0.6071887016296387,prior,True,360204.90760527784,504313.46323488967,29.998578834373284,1.1787922090436442,6.07267391874089,
1394833675537922,2024,fg2,360205.21622605325,504314.60090983845,23.92590491563239,5.465485206348241,24.07275643370788,0.0,-5.093306064605713,prior,True,360206.7095493799,504314.5234778067,24.298083876087958,1.4953294879093497,0.37217896045555676,
1395652132772836,2025,fg2,360212.6186717645,504285.4790996788,104.2002610016034,-5.775530422128938,16.23827392956013,0.0,9.932859420776367,prior,True,360208.5211765714,504278.0624237485,108.35759024258775,8.473284411199407,4.157329240984353,
1395652132772836,2024,fg2,360212.6186717645,504285.4790996788,104.2002610016034,-5.775530422128938,16.23827392956013,0.0,8.719630241394043,prior,True,360210.54458974476,504279.2708749695,107.1443608390272,6.545522917691123,2.9440998374238063,
1400355921620343,2025,fg2,360205.4759034122,504254.55547422264,107.0257488016855,4.523762939345843,22.887741252164506,0.0,-21.8829288482666,prior,True,360209.2069115978,504270.83033262833,89.6665816111656,16.697048787330285,17.359167190519884,
1400355921620343,2024,fg2,360205.4759034122,504254.55547422264,107.0257488016855,4.523762939345843,22.887741252164506,0.0,4.570886611938477,prior,True,360213.2938755663,504272.99812030845,116.12039851498714,20.03127263176586,9.094649713301635,
1659474219043827,2025,fg2,360194.59397493093,504220.8789819656,105.45750862113835,1.8236946770203843,28.29686517500868,0.0,3.3977925777435303,prior,True,360197.8894610395,504233.08669868985,110.67899623527437,12.644705465586004,5.221487614136038,
1659474219043827,2024,fg2,360194.59397493093,504220.8789819656,105.45750862113835,1.8236946770203843,28.29686517500868,0.0,11.16305160522461,prior,True,360201.95293546707,504243.15416833136,118.44425522550674,23.45928873179612,12.986746604368392,
3757320467753222,2025,fg2,360184.3176811162,504190.7261088975,109.89330425369523,0.30327979300933805,16.261700513066646,0.0,-3.70536208152771,prior,True,360183.56853541353,504189.7478777971,106.49122119344985,1.2321344770697107,3.4020830602453884,
3757320467753222,2024,fg2,360184.3176811162,504190.7261088975,109.89330425369523,0.30327979300933805,16.261700513066646,0.0,-2.6936235427856445,prior,True,360183.5748961471,504190.0545330772,107.50296042913108,1.001370856747271,2.3903438245641553,
1084706981111921,2025,fg2,360172.7961192918,504159.78433716483,109.07841537892595,-2.4876025192762796,13.771266339979283,0.0,-0.1460159569978714,prior,True,360174.2359885865,504159.34597382334,106.4447969042993,1.505119930433653,2.633618474626644,
1084706981111921,2024,fg2,360172.7961192918,504159.78433716483,109.07841537892595,-2.4876025192762796,13.771266339979283,0.0,1.655820369720459,prior,True,360175.1343928802,504159.21435706195,108.24663332663684,2.4067406781495126,0.8317820522890997,
1569936184813606,2025,fg2,360163.02569056407,504128.34509992413,107.55053766241267,-5.274329366226681,12.848549724647116,0.0,1.5078229904174805,prior,True,360163.74873451295,504128.2634243372,103.78403126473344,0.7276423939745618,3.7665063976792226,
1569936184813606,2024,fg2,360163.02569056407,504128.34509992413,107.55053766241267,-5.274329366226681,12.848549724647116,0.0,3.3943591117858887,prior,True,360164.42863097304,504128.3748395792,105.67056781961335,1.4032555854858368,1.8799698427993121,
1966035434037497,2025,fg2,360152.2255144523,504096.58446743246,108.93797822619024,0.46948384629791917,2.954532516091057,0.0,-3.238799571990967,prior,True,360155.3804137383,504096.1748731325,106.1686624032128,3.1813765880994205,2.7693158229774326,
1966035434037497,2024,fg2,360152.2255144523,504096.58446743246,108.93797822619024,0.46948384629791917,2.954532516091057,0.0,-3.9252843856811523,prior,True,360155.82340028713,504096.6550441968,105.48217749728849,3.5985779913726827,3.4558007289017496,
