step,split,ce,top1,cell_err_m,pose_nll,pose_err_m,n,sec,vce_m,vce_pose_m,fine_epe_px,fine_epe_in_px,fine_skipped
1,train,7.8477,0.0006,26.86,7.5212,26.51,37224,49.9,nan,nan,nan,nan,0
2,train,7.0267,0.0010,19.90,6.8666,19.11,37357,50.3,nan,nan,nan,nan,0
3,train,6.8227,0.0007,19.51,6.6565,18.41,36947,50.6,nan,nan,nan,nan,0
4,train,6.6515,0.0012,17.27,6.5268,15.18,36132,51.0,nan,nan,nan,nan,0
5,train,6.4735,0.0042,16.75,6.2955,15.09,36988,51.3,nan,nan,nan,nan,0
6,train,6.0870,0.0101,12.59,5.9296,10.83,36614,51.6,nan,nan,nan,nan,0
7,train,6.3026,0.0073,15.10,6.1192,13.59,36997,52.0,nan,nan,nan,nan,0
8,train,6.2472,0.0038,14.40,6.0944,13.17,36874,52.3,nan,nan,nan,nan,0
9,train,6.3071,0.0085,14.96,6.1490,12.90,35009,52.7,nan,nan,nan,nan,0
10,train,6.2615,0.0050,14.19,6.0867,13.86,37586,53.0,nan,nan,nan,nan,0
11,train,6.1609,0.0070,13.88,5.9478,11.33,34540,53.4,nan,nan,nan,nan,0
12,train,6.3106,0.0066,15.59,6.2090,15.32,38623,53.7,nan,nan,nan,nan,0
12,val,6.1470,0.0053,13.88,5.9272,12.15,37778,90.2,nan,nan,nan,nan,0
